Source / mod JAR,Namespace,Advancement ID,Native title,Native description / source meaning,Trigger surface,Frame,Parent,Completion significance,Proposed presenter,Proposed INCLUDE/EXCLUDE,Proposal rationale / exclusion reason,Presenter rationale,Reserved by V5 quest (fill after detectors are pinned),Overlord override,Overlord presenter override,Overlord notes
Darker Depths-1.20.1-2.1.5.jar,darkerdepths,darkerdepths:activities/bottle_void_soul,Bottle O'Void Souls,Bottle a Void Soul with a Glass Bottle,player_interacted_with_entity,task,darkerdepths:visited/sandy_catacombs,,Mortis,INCLUDE,distinct authored native event (Q210),event theme (Q212),,,,
Darker Depths-1.20.1-2.1.5.jar,darkerdepths,darkerdepths:activities/elytra_boosted_by_geyser,Inverse Rocketry,Fly through a geyser burst with an Elytra,darkerdepths:geyser_elytra_boost,task,darkerdepths:visited/molten_cavern,,Grubbison Jr,INCLUDE,distinct authored native event (Q210),source domain (Q212 fallback / Q214),,,,
Darker Depths-1.20.1-2.1.5.jar,darkerdepths,darkerdepths:activities/insert_diamond_into_crystal_husk,Back From the Dead!,Give a Crystal Husk a Diamond,item_used_on_block,task,darkerdepths:visited/molten_cavern,,Mortis,INCLUDE,distinct authored native event (Q210),event theme (Q212),,,,
Darker Depths-1.20.1-2.1.5.jar,darkerdepths,darkerdepths:activities/obtain_forsaken_bronze_scrap,Titan's Slag,Obtain a Forsaken Bronze Scrap from the Catacombs,inventory_changed,task,darkerdepths:visited/structure/visited_catacombs,,,EXCLUDE,single-item acquisition tick (Q210),,,,,
Darker Depths-1.20.1-2.1.5.jar,darkerdepths,darkerdepths:activities/obtain_glowshroom_cap,Glow In the Dark,Obtain a Glowshroom Cap from a Glowshroom Monster,inventory_changed,task,darkerdepths:visited/glowshroom_forest,,,EXCLUDE,single-item acquisition tick (Q210),,,,,
Darker Depths-1.20.1-2.1.5.jar,darkerdepths,darkerdepths:activities/set_death_anchor,Soul Pact,Set a Death Anchor with a Void Soul Requiem,item_used_on_block,task,darkerdepths:activities/obtain_forsaken_bronze_scrap,,Mortis,INCLUDE,distinct authored native event (Q210),event theme (Q212),,,,
Darker Depths-1.20.1-2.1.5.jar,darkerdepths,darkerdepths:activities/use_crystal_melon,Feel the POWAH!,Use a Crystal Melon,darkerdepths:used_crystal_melon,task,darkerdepths:activities/insert_diamond_into_crystal_husk,,Grubbison Jr,INCLUDE,distinct authored native event (Q210),source domain (Q212 fallback / Q214),,,,
Darker Depths-1.20.1-2.1.5.jar,darkerdepths,darkerdepths:story/root,Darker Depths,Thank you for installing Darker Depths!,tick,goal,,,Grubbison Jr,INCLUDE,domain entry milestone (Q210),source domain (Q212 fallback / Q214),,,,
Darker Depths-1.20.1-2.1.5.jar,darkerdepths,darkerdepths:visited/glowshroom_forest,Luminous Depths,Visit the Glowshroom Forest biome,location,task,darkerdepths:story/root,,Grubbison Jr,INCLUDE,distinct authored native event (Q210),source domain (Q212 fallback / Q214),,,,
Darker Depths-1.20.1-2.1.5.jar,darkerdepths,darkerdepths:visited/molten_cavern,It's Getting Hot in Here!,Visit the Molten Cavern biome,location,task,darkerdepths:story/root,,Grubbison Jr,INCLUDE,distinct authored native event (Q210),event theme (Q212),,,,
Darker Depths-1.20.1-2.1.5.jar,darkerdepths,darkerdepths:visited/sandy_catacombs,Desert but Underground?,Visit the Sandy Catacombs biome,location,task,darkerdepths:story/root,,Grubbison Jr,INCLUDE,distinct authored native event (Q210),source domain (Q212 fallback / Q214),,,,
Darker Depths-1.20.1-2.1.5.jar,darkerdepths,darkerdepths:visited/structure/visited_catacombs,The Lost Souls,Visit the Catacombs Structure,location,task,darkerdepths:visited/sandy_catacombs,,Mortis,INCLUDE,distinct authored native event (Q210),event theme (Q212),,,,
Display Case-forge-1.20-1.0.8.jar,display_case,display_case:colorful_case,Colorful!,Change color of display case,display_case:paint_item,task,display_case:display_item,,,EXCLUDE,trivial mechanical noise,,,,,
Display Case-forge-1.20-1.0.8.jar,display_case,display_case:display_item,What an item!,Put the item in the display case,item_used_on_block,task,minecraft:husbandry/root,,,EXCLUDE,trivial mechanical noise,,,,,
Display Case-forge-1.20-1.0.8.jar,display_case,display_case:infinity_case,To infinity and beyond,Put the display case in the display case,display_case:put_item,task,display_case:display_item,,,EXCLUDE,trivial mechanical noise,,,,,
FarmersDelight-1.20.1-1.3.4.jar,farmersdelight,farmersdelight:main/craft_knife,Hunt and Gather,Craft a Knife to scavenge extra goods from plants and animals,inventory_changed,task,farmersdelight:main/root,,,EXCLUDE,single-item acquisition tick (Q210),,,,,
FarmersDelight-1.20.1-1.3.4.jar,farmersdelight,farmersdelight:main/eat_nourishing_food,Nourishing!,A balanced and diverse meal will keep you fed and healthy for a long time!,effects_changed,task,farmersdelight:main/place_cooking_pot,,Gristle,INCLUDE,distinct authored native event (Q210),event theme (Q212),,,,
FarmersDelight-1.20.1-1.3.4.jar,farmersdelight,farmersdelight:main/get_fd_seed,Crops of the Wild,"Four new crops may be found in the wild, across many climates... or maybe in a chest somewhere.",inventory_changed,task,farmersdelight:main/root,,Gristle,INCLUDE,distinct authored native event (Q210),event theme (Q212),,,,
FarmersDelight-1.20.1-1.3.4.jar,farmersdelight,farmersdelight:main/get_ham,Wild Butcher,Use a Knife to extract Ham from Pigs or Hoglins,inventory_changed,task,farmersdelight:main/craft_knife,,Gristle,INCLUDE,distinct authored native event (Q210),event theme (Q212),,,,
FarmersDelight-1.20.1-1.3.4.jar,farmersdelight,farmersdelight:main/get_mushroom_colony,Fungus Among Us,"Shear a fully mature Mushroom Colony. To grow them like this, you'll need a very rich soil...",inventory_changed,task,farmersdelight:main/get_fd_seed,,Gristle,INCLUDE,distinct authored native event (Q210),source domain (Q212 fallback / Q214),,,,
FarmersDelight-1.20.1-1.3.4.jar,farmersdelight,farmersdelight:main/get_rich_soil,Plant Food,"Organic Compost slowly decays into Rich Soil, an upgrade for your farms!",inventory_changed,goal,farmersdelight:main/place_organic_compost,,Gristle,INCLUDE,goal-frame milestone (Q210),event theme (Q212),,,,
FarmersDelight-1.20.1-1.3.4.jar,farmersdelight,farmersdelight:main/harvest_ropelogged_tomato,Tall-mato,Hang some rope above a tomato crop to make it grow taller,item_used_on_block,task,farmersdelight:main/get_fd_seed,,Gristle,INCLUDE,distinct authored native event (Q210),event theme (Q212),,,,
FarmersDelight-1.20.1-1.3.4.jar,farmersdelight,farmersdelight:main/harvest_straw,Grasping at Straws,"Harvest grass, wheat or rice with a Knife to collect Straw",inventory_changed,task,farmersdelight:main/craft_knife,,Gristle,INCLUDE,distinct authored native event (Q210),event theme (Q212),,,,
FarmersDelight-1.20.1-1.3.4.jar,farmersdelight,farmersdelight:main/hit_raider_with_rotten_tomato,Boo! Hiss!,Throw a Rotten Tomato at one of these pesky raiders!,player_hurt_entity,task,farmersdelight:main/harvest_ropelogged_tomato,,Gristle,INCLUDE,distinct authored native event (Q210),source domain (Q212 fallback / Q214),,,,
FarmersDelight-1.20.1-1.3.4.jar,farmersdelight,farmersdelight:main/master_chef,Master Chef,Eat a course of every meal available!,consume_item,challenge,farmersdelight:main/place_feast,YES,Gristle,INCLUDE,completion significance (Q210),event theme (Q212),,,,
FarmersDelight-1.20.1-1.3.4.jar,farmersdelight,farmersdelight:main/obtain_netherite_knife,If You Can't Take the Heat...,Spend a whole Netherite Ingot to upgrade your knife! Or get out of the kitchen.,inventory_changed,challenge,farmersdelight:main/use_cutting_board,YES,Giblet the Sixth,INCLUDE,completion significance (Q210),event theme (Q212),,,,
FarmersDelight-1.20.1-1.3.4.jar,farmersdelight,farmersdelight:main/place_campfire,Bonfire Lit,Place down a Campfire to cook some food,placed_block,task,farmersdelight:main/root,,,EXCLUDE,single-item acquisition tick (Q210),,,,,
FarmersDelight-1.20.1-1.3.4.jar,farmersdelight,farmersdelight:main/place_cooking_pot,Dinner's Served!,Put down a Cooking Pot and start preparing meals!,placed_block,goal,farmersdelight:main/place_campfire,,Gristle,INCLUDE,goal-frame milestone (Q210),source domain (Q212 fallback / Q214),,,,
FarmersDelight-1.20.1-1.3.4.jar,farmersdelight,farmersdelight:main/place_feast,A Glorious Feast,Some meals are big enough to be placed down and shared with friends!,placed_block,task,farmersdelight:main/eat_nourishing_food,,Gristle,INCLUDE,distinct authored native event (Q210),event theme (Q212),,,,
FarmersDelight-1.20.1-1.3.4.jar,farmersdelight,farmersdelight:main/place_organic_compost,Advanced Composting,"Place down some Organic Compost. It composts better with sun, water and mushrooms!",placed_block,task,farmersdelight:main/harvest_straw,,,EXCLUDE,single-item acquisition tick (Q210),,,,,
FarmersDelight-1.20.1-1.3.4.jar,farmersdelight,farmersdelight:main/place_skillet,Sizzling Hot!,Sneak to place your Skillet down as a block,placed_block,task,farmersdelight:main/use_skillet,,Gristle,INCLUDE,distinct authored native event (Q210),source domain (Q212 fallback / Q214),,,,
FarmersDelight-1.20.1-1.3.4.jar,farmersdelight,farmersdelight:main/plant_all_crops,Crop Rotation,"Cultivate every food-related plant you can find, such as vegetables, fruits, fungi or roots!",placed_block,challenge,farmersdelight:main/plant_rice,YES,Gristle,INCLUDE,completion significance (Q210),event theme (Q212),,,,
FarmersDelight-1.20.1-1.3.4.jar,farmersdelight,farmersdelight:main/plant_rice,Dipping Your Roots,Plant grains of Rice in a shallow water puddle,placed_block,task,farmersdelight:main/get_fd_seed,,Gristle,INCLUDE,distinct authored native event (Q210),source domain (Q212 fallback / Q214),,,,
FarmersDelight-1.20.1-1.3.4.jar,farmersdelight,farmersdelight:main/root,Farmer's Delight,A world of flavor awaits you!,inventory_changed,task,,,Gristle,INCLUDE,domain entry milestone (Q210),source domain (Q212 fallback / Q214),,,,
FarmersDelight-1.20.1-1.3.4.jar,farmersdelight,farmersdelight:main/use_cutting_board,Watch Your Fingers,"With a tool in hand, use a Cutting Board to break down an item",farmersdelight:use_cutting_board,task,farmersdelight:main/craft_knife,,Gristle,INCLUDE,distinct authored native event (Q210),source domain (Q212 fallback / Q214),,,,
FarmersDelight-1.20.1-1.3.4.jar,farmersdelight,farmersdelight:main/use_skillet,Portable Cooking,"Skillets let you cook on the go. Stand near heat, then hold food in your other hand!",consume_item,task,farmersdelight:main/place_campfire,,Gristle,INCLUDE,distinct authored native event (Q210),event theme (Q212),,,,
L_Enders_Cataclysm-3.31.jar,cataclysm,cataclysm:find_acropolis,Why in the Sky?,Find the Acropolis,location,task,cataclysm:root,,Gnarl,INCLUDE,place/structure discovery (Q210),"default, no specialist theme",,,,
L_Enders_Cataclysm-3.31.jar,cataclysm,cataclysm:find_ancient_factory,Out-of-Place,Find the Ancient Factory,location,task,cataclysm:root,,Gnarl,INCLUDE,place/structure discovery (Q210),"default, no specialist theme",,,,
L_Enders_Cataclysm-3.31.jar,cataclysm,cataclysm:find_burning_arena,A Massive Arena,Find the Burning Arena,location,task,cataclysm:root,,Gnarl,INCLUDE,place/structure discovery (Q210),"default, no specialist theme",,,,
L_Enders_Cataclysm-3.31.jar,cataclysm,cataclysm:find_cursed_pyramid,Desert Pyramid Revamped,Find the Cursed Pyramid,location,task,cataclysm:root,,Gnarl,INCLUDE,place/structure discovery (Q210),"default, no specialist theme",,,,
L_Enders_Cataclysm-3.31.jar,cataclysm,cataclysm:find_frosted_prison,Jail of Cold,Find the Frosted Prison,location,task,cataclysm:root,,Gnarl,INCLUDE,place/structure discovery (Q210),"default, no specialist theme",,,,
L_Enders_Cataclysm-3.31.jar,cataclysm,cataclysm:find_ruined_citadel,Another Stronghold?!,Find the Ruined Citadel,location,task,cataclysm:root,,Gnarl,INCLUDE,place/structure discovery (Q210),"default, no specialist theme",,,,
L_Enders_Cataclysm-3.31.jar,cataclysm,cataclysm:find_soul_black_smith,Where the Monstrous be Forged,Find the Soul Forge,location,task,cataclysm:root,,Mortis,INCLUDE,place/structure discovery (Q210),event theme (Q212),,,,
L_Enders_Cataclysm-3.31.jar,cataclysm,cataclysm:find_sunken_city,Sunken in the Sea,Find the Sunken City,location,task,cataclysm:root,,Gnarl,INCLUDE,place/structure discovery (Q210),"default, no specialist theme",,,,
L_Enders_Cataclysm-3.31.jar,cataclysm,cataclysm:kill_all_bosses,The Cataclysmfarer,You have reached the summit of Cataclysm!,player_killed_entity,challenge,cataclysm:root,,Gnarl,INCLUDE,challenge-frame milestone (Q210),"default, no specialist theme",,,,
L_Enders_Cataclysm-3.31.jar,cataclysm,cataclysm:kill_clawdian,Not so Shrimple Now,Kill an Clawdian,player_killed_entity,task,cataclysm:find_acropolis,,Gnarl,INCLUDE,distinct authored native event (Q210),"default, no specialist theme",,,,
L_Enders_Cataclysm-3.31.jar,cataclysm,cataclysm:kill_ender_golem,Palette Swap,Kill an Ender Golem,player_killed_entity,task,cataclysm:find_ruined_citadel,,Gnarl,INCLUDE,distinct authored native event (Q210),"default, no specialist theme",,,,
L_Enders_Cataclysm-3.31.jar,cataclysm,cataclysm:kill_harbinger,The Thing of Ancient Civilization,Wake and Defeat the Harbinger,player_killed_entity,challenge,cataclysm:find_ancient_factory,,Gnarl,INCLUDE,challenge-frame milestone (Q210),"default, no specialist theme",,,,
L_Enders_Cataclysm-3.31.jar,cataclysm,cataclysm:kill_ignis,The Extinguished Fire,Summon and Defeat the Ignis,player_killed_entity,challenge,cataclysm:kill_revenant,,Gnarl,INCLUDE,challenge-frame milestone (Q210),"default, no specialist theme",,,,
L_Enders_Cataclysm-3.31.jar,cataclysm,cataclysm:kill_leviathan,A Multidimensional Predator,Summon and Defeat the Leviathan,player_killed_entity,challenge,cataclysm:find_sunken_city,,Gnarl,INCLUDE,challenge-frame milestone (Q210),"default, no specialist theme",,,,
L_Enders_Cataclysm-3.31.jar,cataclysm,cataclysm:kill_maledictus,Crusade Against Curse,Summon and Defeat Maledictus,player_killed_entity,challenge,cataclysm:find_frosted_prison,,Gnarl,INCLUDE,challenge-frame milestone (Q210),"default, no specialist theme",,,,
L_Enders_Cataclysm-3.31.jar,cataclysm,cataclysm:kill_monstrosity,The Broken Nether's Warmachine,Kill the Netherite Monstrosity,player_killed_entity,challenge,cataclysm:find_soul_black_smith,,Giblet the Sixth,INCLUDE,challenge-frame milestone (Q210),event theme (Q212),,,,
L_Enders_Cataclysm-3.31.jar,cataclysm,cataclysm:kill_remnant,Death Finds a Way,Excavate from the suspicious sand within the cursed pyramid to wake up and knock down the Ancient Remnant,player_killed_entity,challenge,cataclysm:find_cursed_pyramid,,Mortis,INCLUDE,challenge-frame milestone (Q210),event theme (Q212),,,,
L_Enders_Cataclysm-3.31.jar,cataclysm,cataclysm:kill_revenant,Imperfect thing,Kill an Ignited Revenant,player_killed_entity,task,cataclysm:find_burning_arena,,Gnarl,INCLUDE,distinct authored native event (Q210),"default, no specialist theme",,,,
L_Enders_Cataclysm-3.31.jar,cataclysm,cataclysm:kill_scylla,The Calm after the Storm,"Defeat the Storm Empress, Scylla",player_killed_entity,challenge,cataclysm:kill_clawdian,,Gnarl,INCLUDE,challenge-frame milestone (Q210),"default, no specialist theme",,,,
L_Enders_Cataclysm-3.31.jar,cataclysm,cataclysm:root,Cataclysm,Cataclysm!,tick,task,,,Gnarl,INCLUDE,domain entry milestone (Q210),"default, no specialist theme",,,,
Rats-1.20.1-8.1.3.jar,rats,rats:all_hats,Grand Hat Collector,Collect every hat the mod has to offer!,inventory_changed,challenge,rats:root,YES,Gnarl,INCLUDE,completion significance (Q210),"default, no specialist theme",,,,
Rats-1.20.1-8.1.3.jar,rats,rats:ball_of_filth,Cleanliness is Close to Godliness!,Craft a Ball of Filth from an ungodly amount of Garbage,inventory_changed,goal,rats:garbage_pile,,Gnarl,INCLUDE,goal-frame milestone (Q210),"default, no specialist theme",,,,
Rats-1.20.1-8.1.3.jar,rats,rats:black_death,Dance Macabre!,"Encounter the Black Death, a possessed Plague Doctor summoned by a lightning strike",player_hurt_entity;player_killed_entity;rats:black_death_summoned,goal,rats:plague_doctor,,Mortis,INCLUDE,goal-frame milestone (Q210),event theme (Q212),,,,
Rats-1.20.1-8.1.3.jar,rats,rats:cheese,We've Forgotten the Crackers!,Turn a Block of Cheese into four Cheese,inventory_changed,task,rats:milk_cauldron,,Gristle,INCLUDE,distinct authored native event (Q210),event theme (Q212),,,,
Rats-1.20.1-8.1.3.jar,rats,rats:cheese_stick,Cheese Touch,"Craft a Cheese Staff, used for setting drop-off and pickup locations for tamed rats",inventory_changed,task,rats:tame_rat,,,EXCLUDE,single-item acquisition tick (Q210),,,,,
Rats-1.20.1-8.1.3.jar,rats,rats:contaminated_food,Stop that Health Inspector!,Find disgusting contaminated food left behind by a rat,inventory_changed,task,rats:root,,Gristle,INCLUDE,distinct authored native event (Q210),event theme (Q212),,,,
Rats-1.20.1-8.1.3.jar,rats,rats:defeat_black_death,Do Not Go Quietly Into the Night,Defeat the Black Death,player_killed_entity,challenge,rats:black_death,,Mortis,INCLUDE,challenge-frame milestone (Q210),event theme (Q212),,,,
Rats-1.20.1-8.1.3.jar,rats,rats:defeat_rat_king,King of the World!,Slay the Rat King,player_killed_entity,challenge,rats:ball_of_filth,,Gnarl,INCLUDE,challenge-frame milestone (Q210),"default, no specialist theme",,,,
Rats-1.20.1-8.1.3.jar,rats,rats:garbage_pile,Too Much Trash in Your Face? There's No Trash in Space!,Obtain a garbage pile from putting blocks in a trash can. They can be used to build rat-exclusive mob farms!,inventory_changed,task,rats:trash_can,,,EXCLUDE,single-item acquisition tick (Q210),,,,,
Rats-1.20.1-8.1.3.jar,rats,rats:milk_cauldron,Curdling Time,Pour milk into a cauldron and wait for it to turn to cheese,item_used_on_block,task,rats:root,,Gristle,INCLUDE,distinct authored native event (Q210),event theme (Q212),,,,
Rats-1.20.1-8.1.3.jar,rats,rats:nether_cheese,Spicy Pepper Jack,Obtain nether cheese from a demon rat in the nether,inventory_changed,task,rats:cheese,,,EXCLUDE,single-item acquisition tick (Q210),,,,,
Rats-1.20.1-8.1.3.jar,rats,rats:piper,Pay the Piper,Encounter a rat-controlling fiend,inventory_changed;player_hurt_entity;player_killed_entity,task,rats:root,,Gnarl,INCLUDE,distinct authored native event (Q210),"default, no specialist theme",,,,
Rats-1.20.1-8.1.3.jar,rats,rats:plague,Down with the Sickness!,Catch the plague from a Plague Rat,effects_changed,task,rats:root,,Gnarl,INCLUDE,distinct authored native event (Q210),"default, no specialist theme",,,,
Rats-1.20.1-8.1.3.jar,rats,rats:plague_cure,The Medieval Treatment,Find a possible cure for the plague,inventory_changed,task,rats:plague_doctor,,Gnarl,INCLUDE,distinct authored native event (Q210),"default, no specialist theme",,,,
Rats-1.20.1-8.1.3.jar,rats,rats:plague_doctor,I AM THE CURE!,Find a Plague Doctor in a village or out in the wild,player_interacted_with_entity,task,rats:plague,,Gnarl,INCLUDE,distinct authored native event (Q210),"default, no specialist theme",,,,
Rats-1.20.1-8.1.3.jar,rats,rats:rat_cage,Despite All My Rage...,"Craft a Rat Cage, used for breeding rats",inventory_changed,task,rats:tame_rat,YES,Gnarl,INCLUDE,completion significance (Q210),"default, no specialist theme",,,,
Rats-1.20.1-8.1.3.jar,rats,rats:rat_cage_decoration,A Gilded Cage,Place a rat cage decoration in a Rat Cage,item_used_on_block,task,rats:rat_cage,,Gnarl,INCLUDE,distinct authored native event (Q210),"default, no specialist theme",,,,
Rats-1.20.1-8.1.3.jar,rats,rats:rat_crafting_table,Rat Auto-Crafting,Craft a Rat Crafting Table,inventory_changed,goal,rats:rat_upgrade_crafting,,Gnarl,INCLUDE,goal-frame milestone (Q210),"default, no specialist theme",,,,
Rats-1.20.1-8.1.3.jar,rats,rats:rat_music_disc,Rat Tunes,Get a music disc by killing a Pied Piper with a rat,inventory_changed,challenge,rats:piper,,Quaver,INCLUDE,challenge-frame milestone (Q210),event theme (Q212),,,,
Rats-1.20.1-8.1.3.jar,rats,rats:rat_trap,An Effective Classic,Craft a Rat Trap,inventory_changed,task,rats:root,,,EXCLUDE,single-item acquisition tick (Q210),,,,,
Rats-1.20.1-8.1.3.jar,rats,rats:rat_upgrade_basic,Rat Specialization,"Craft Rat Upgrade: Basic, used to craft advanced rat upgrades",inventory_changed,task,rats:tame_rat,,,EXCLUDE,single-item acquisition tick (Q210),,,,,
Rats-1.20.1-8.1.3.jar,rats,rats:rat_upgrade_chef,The Rat is the Cook!,"Craft a Rat Upgrade: Chef, which makes rats cook held items",inventory_changed,goal,rats:rat_upgrade_basic,,Gristle,INCLUDE,goal-frame milestone (Q210),event theme (Q212),,,,
Rats-1.20.1-8.1.3.jar,rats,rats:rat_upgrade_crafting,Crafty Rats!,"Craft Rat Upgrade: Crafting, the first step in rat auto-crafting",inventory_changed,goal,rats:rat_upgrade_basic,,Gnarl,INCLUDE,goal-frame milestone (Q210),"default, no specialist theme",,,,
Rats-1.20.1-8.1.3.jar,rats,rats:rat_upgrade_demon,I Seen This Before...,"Craft a Rat Upgrade: Demon, a well rounded nether-proof rat upgrade",inventory_changed,task,rats:nether_cheese,,,EXCLUDE,single-item acquisition tick (Q210),,,,,
Rats-1.20.1-8.1.3.jar,rats,rats:rat_upgrade_flight,Essentially Pigeons,"Craft a Rat Upgrade: Flight, enabling rats to take to the skies",inventory_changed,goal,rats:rat_upgrade_basic,,Gnarl,INCLUDE,goal-frame milestone (Q210),"default, no specialist theme",,,,
Rats-1.20.1-8.1.3.jar,rats,rats:rat_upgrade_god,Whats a Man to a King?,"Craft Rat Upgrade: God, turning your rat into an almost unstoppable killing machine",inventory_changed,challenge,rats:rat_upgrade_warrior,,Gnarl,INCLUDE,challenge-frame milestone (Q210),"default, no specialist theme",,,,
Rats-1.20.1-8.1.3.jar,rats,rats:rat_upgrade_idol,False Prophet,"Craft a Rat Upgrade: Idol, an upgrade that enamors piglins",inventory_changed,goal,rats:rat_upgrade_basic,,Gnarl,INCLUDE,goal-frame milestone (Q210),"default, no specialist theme",,,,
Rats-1.20.1-8.1.3.jar,rats,rats:rat_upgrade_pickpocket,Talk of the Town,"Craft a Rat Upgrade: Pickpocket, turning your rat into a sneaky village thief",inventory_changed,goal,rats:rat_upgrade_basic,,Gnarl,INCLUDE,goal-frame milestone (Q210),"default, no specialist theme",,,,
Rats-1.20.1-8.1.3.jar,rats,rats:rat_upgrade_platter,Carry Weight 64,"Craft Rat Upgrade: Platter, used to make rats transport an entire stack of items at a time",inventory_changed,task,rats:cheese_stick,YES,Gnarl,INCLUDE,completion significance (Q210),"default, no specialist theme",,,,
Rats-1.20.1-8.1.3.jar,rats,rats:rat_upgrade_sculked,One with the Souls,"Craft a Rat Upgrade: Sculked, making your rat one with the lost souls of the sculk",inventory_changed,goal,rats:rat_upgrade_basic,,Mortis,INCLUDE,goal-frame milestone (Q210),event theme (Q212),,,,
Rats-1.20.1-8.1.3.jar,rats,rats:rat_upgrade_strength,Rat Karate,"Craft Rat Upgrade: Strength, making your rat pack a powerful punch",inventory_changed,task,rats:rat_upgrade_basic,,,EXCLUDE,repetitive advancement family member (Q213),,,,,
Rats-1.20.1-8.1.3.jar,rats,rats:rat_upgrade_warrior,Rat Warrior Clan,"Craft Rat Upgrade: Warrior, making your rat stronger, have armor and higher health",inventory_changed,goal,rats:rat_upgrade_strength,,Gnarl,INCLUDE,goal-frame milestone (Q210),"default, no specialist theme",,,,
Rats-1.20.1-8.1.3.jar,rats,rats:ratbow_essence,In Stunning Technicolor!,"Craft a Ratbow Essence, which can be used to dye a rat a constant shifting rainbow",player_interacted_with_entity,task,rats:tame_rat,,Gnarl,INCLUDE,distinct authored native event (Q210),"default, no specialist theme",,,,
Rats-1.20.1-8.1.3.jar,rats,rats:root,Rats,Rat Patootie,tick,task,,,Gnarl,INCLUDE,domain entry milestone (Q210),"default, no specialist theme",,,,
Rats-1.20.1-8.1.3.jar,rats,rats:tame_rat,An Unlikely Alliance,Tame a Rat by dropping Cheese near it repeatedly until it is full,tame_animal,task,rats:cheese,,Gristle,INCLUDE,distinct authored native event (Q210),event theme (Q212),,,,
Rats-1.20.1-8.1.3.jar,rats,rats:trash_can,This Mod is Trash,"Craft a trash can from a cauldron, some iron ingots and an iron nugget. Use it to create garbage piles!",inventory_changed,task,rats:root,,,EXCLUDE,single-item acquisition tick (Q210),,,,,
TheOuterEnd-1.0.13.jar,outer_end,outer_end:end/find_catacombs,An Even Worse Fortress,Find the Catacombs,location,task,minecraft:end/enter_end_gateway,,Gnarl,INCLUDE,place/structure discovery (Q210),"default, no specialist theme",,,,
TheOuterEnd-1.0.13.jar,outer_end,outer_end:end/find_end_tower,Ender Construction,Enter the End Tower,location,task,minecraft:end/enter_end_gateway,,Gnarl,INCLUDE,place/structure discovery (Q210),"default, no specialist theme",,,,
The_Graveyard_3.1_(FORGE)_for_1.20.1.jar,graveyard,graveyard:graveyard/black_bone_staff,Staff of Nortoq'gul,Attain the Staff of Nortoq'gul.,inventory_changed,task,graveyard:graveyard/summon_lich,,Gnarl,INCLUDE,distinct authored native event (Q210),"default, no specialist theme",,,,
The_Graveyard_3.1_(FORGE)_for_1.20.1.jar,graveyard,graveyard:graveyard/corruption,Source of Evil,Obtain corruption from graves or graveyard mobs.,inventory_changed,task,graveyard:graveyard/root,,,EXCLUDE,single-item acquisition tick (Q210),,,,,
The_Graveyard_3.1_(FORGE)_for_1.20.1.jar,graveyard,graveyard:graveyard/craft_coffin,Well prepared,Obtain a coffin.,inventory_changed,task,graveyard:graveyard/dark_iron,,,EXCLUDE,single-item acquisition tick (Q210),,,,,
The_Graveyard_3.1_(FORGE)_for_1.20.1.jar,graveyard,graveyard:graveyard/crypt,Into Darkness,Find an underground crypt.,location,task,graveyard:graveyard/root,,Gnarl,INCLUDE,place/structure discovery (Q210),"default, no specialist theme",,,,
The_Graveyard_3.1_(FORGE)_for_1.20.1.jar,graveyard,graveyard:graveyard/cyan_bone_staff,Staff of Mynakta'gul,Attain the Staff of Mynakta'gul.,inventory_changed,task,graveyard:graveyard/summon_lich,,Gnarl,INCLUDE,distinct authored native event (Q210),"default, no specialist theme",,,,
The_Graveyard_3.1_(FORGE)_for_1.20.1.jar,graveyard,graveyard:graveyard/dark_iron,"Iron, but dark",Obtain a dark iron ingot.,inventory_changed,task,graveyard:graveyard/corruption,,,EXCLUDE,single-item acquisition tick (Q210),,,,,
The_Graveyard_3.1_(FORGE)_for_1.20.1.jar,graveyard,graveyard:graveyard/dead_tree,Hanging Tree,Discover the truth about the dead tree.,location,task,graveyard:graveyard/corruption,,Mortis,INCLUDE,place/structure discovery (Q210),event theme (Q212),,,,
The_Graveyard_3.1_(FORGE)_for_1.20.1.jar,graveyard,graveyard:graveyard/desert_graveyard,"Dust, Sand and Bones",Find a desert graveyard.,location,task,graveyard:graveyard/root,,Mortis,INCLUDE,place/structure discovery (Q210),event theme (Q212),,,,
The_Graveyard_3.1_(FORGE)_for_1.20.1.jar,graveyard,graveyard:graveyard/equip_ghouling_coffin,The dead shall serve,Equip a Ghouling with a coffin or sarcophagus.,graveyard:equip_coffin,task,graveyard:graveyard/white_bone_staff,,Lestat,INCLUDE,distinct authored native event (Q210),event theme (Q212),,,,
The_Graveyard_3.1_(FORGE)_for_1.20.1.jar,graveyard,graveyard:graveyard/find_skeleton,Pseudo Archaeologist,Obtain a decorative skeleton.,inventory_changed,task,graveyard:graveyard/root,,,EXCLUDE,single-item acquisition tick (Q210),,,,,
The_Graveyard_3.1_(FORGE)_for_1.20.1.jar,graveyard,graveyard:graveyard/giant_mushroom,Corrupting the Paradise,Find a mutated mushroom on the mushroom islands.,location,task,graveyard:graveyard/root,,Gnarl,INCLUDE,place/structure discovery (Q210),"default, no specialist theme",,,,
The_Graveyard_3.1_(FORGE)_for_1.20.1.jar,graveyard,graveyard:graveyard/haunted_house,Invitation to the Tea Party,Accept the invitation to the house in the woods.,location,task,graveyard:graveyard/root,,Gnarl,INCLUDE,distinct authored native event (Q210),"default, no specialist theme",,,,
The_Graveyard_3.1_(FORGE)_for_1.20.1.jar,graveyard,graveyard:graveyard/kill_acolyte_bone_dagger,Turning the tables,Kill an acolyte with a bone dagger.,graveyard:killed_by_bone_dagger,task,graveyard:graveyard/haunted_house,,Gnarl,INCLUDE,distinct authored native event (Q210),"default, no specialist theme",,,,
The_Graveyard_3.1_(FORGE)_for_1.20.1.jar,graveyard,graveyard:graveyard/kill_graveyard_mob,Stay dead,Kill a graveyard mob.,player_killed_entity,task,graveyard:graveyard/root,,Mortis,INCLUDE,distinct authored native event (Q210),event theme (Q212),,,,
The_Graveyard_3.1_(FORGE)_for_1.20.1.jar,graveyard,graveyard:graveyard/kill_horde,Walking Dead,"Decimate a graveyard horde, spawning at night.",graveyard:kill_horde,task,graveyard:graveyard/kill_graveyard_mob,,Mortis,INCLUDE,distinct authored native event (Q210),event theme (Q212),,,,
The_Graveyard_3.1_(FORGE)_for_1.20.1.jar,graveyard,graveyard:graveyard/kill_while_blinded,"Peekaboo, I (still) see you!",Kill a nightmare while under the blindness effect.,graveyard:kill_while_blinded,task,graveyard:graveyard/root,,Gnarl,INCLUDE,distinct authored native event (Q210),"default, no specialist theme",,,,
The_Graveyard_3.1_(FORGE)_for_1.20.1.jar,graveyard,graveyard:graveyard/kill_wraith,Taking from the Dead,Summon a wraith by desecrating its coffin.,graveyard:spawn_wraith,task,graveyard:graveyard/crypt,,Lestat,INCLUDE,distinct authored native event (Q210),event theme (Q212),,,,
The_Graveyard_3.1_(FORGE)_for_1.20.1.jar,graveyard,graveyard:graveyard/large_graveyard,Disturbing the Dead II,Enter a large graveyard.,location,task,graveyard:graveyard/medium_graveyard,,Mortis,INCLUDE,place/structure discovery (Q210),event theme (Q212),,,,
The_Graveyard_3.1_(FORGE)_for_1.20.1.jar,graveyard,graveyard:graveyard/lich_prison,Cursed Island,Find the altar of the lich.,location,task,graveyard:graveyard/upper_bone_staff,,Gnarl,INCLUDE,place/structure discovery (Q210),"default, no specialist theme",,,,
The_Graveyard_3.1_(FORGE)_for_1.20.1.jar,graveyard,graveyard:graveyard/lower_bone_staff,Broken Parts I,Collect the lower piece of the bone staff.,inventory_changed,task,graveyard:graveyard/vial_of_blood,,,EXCLUDE,single-item acquisition tick (Q210),,,,,
The_Graveyard_3.1_(FORGE)_for_1.20.1.jar,graveyard,graveyard:graveyard/medium_graveyard,Disturbing the Dead I,Enter a medium graveyard.,location,task,graveyard:graveyard/root,,Mortis,INCLUDE,place/structure discovery (Q210),event theme (Q212),,,,
The_Graveyard_3.1_(FORGE)_for_1.20.1.jar,graveyard,graveyard:graveyard/middle_bone_staff,Broken Parts II,Collect the middle piece of the bone staff.,inventory_changed,task,graveyard:graveyard/vial_of_blood,,,EXCLUDE,single-item acquisition tick (Q210),,,,,
The_Graveyard_3.1_(FORGE)_for_1.20.1.jar,graveyard,graveyard:graveyard/purple_bone_staff,Staff of Xaphnok'gul,Attain the Staff of Xaphnok'gul.,inventory_changed,task,graveyard:graveyard/summon_lich,,Gnarl,INCLUDE,distinct authored native event (Q210),"default, no specialist theme",,,,
The_Graveyard_3.1_(FORGE)_for_1.20.1.jar,graveyard,graveyard:graveyard/red_bone_staff,Staff of Azrata'gul,Attain the Staff of Azrata'gul.,inventory_changed,task,graveyard:graveyard/summon_lich,,Gnarl,INCLUDE,distinct authored native event (Q210),"default, no specialist theme",,,,
The_Graveyard_3.1_(FORGE)_for_1.20.1.jar,graveyard,graveyard:graveyard/root,Gravedigger,Find a small grave.,location,task,,,Mortis,INCLUDE,domain entry milestone (Q210),event theme (Q212),,,,
The_Graveyard_3.1_(FORGE)_for_1.20.1.jar,graveyard,graveyard:graveyard/summon_lich,Wrath of the Lich,Summon the Lich at an altar with a full vial of blood and all three bone staff pieces at night.,summoned_entity,task,graveyard:graveyard/lich_prison,YES,Gnarl,INCLUDE,completion significance (Q210),"default, no specialist theme",,,,
The_Graveyard_3.1_(FORGE)_for_1.20.1.jar,graveyard,graveyard:graveyard/upper_bone_staff,Broken Parts III,Collect the upper piece of the bone staff.,inventory_changed,task,graveyard:graveyard/vial_of_blood,,,EXCLUDE,single-item acquisition tick (Q210),,,,,
The_Graveyard_3.1_(FORGE)_for_1.20.1.jar,graveyard,graveyard:graveyard/vial_of_blood,"Blood ""Donation""","Collect blood from villagers, using an empty glass bottle and a bone dagger.",inventory_changed,task,graveyard:graveyard/root,,,EXCLUDE,single-item acquisition tick (Q210),,,,,
The_Graveyard_3.1_(FORGE)_for_1.20.1.jar,graveyard,graveyard:graveyard/white_bone_staff,Staff of Zatraq'gul,Attain the Staff of Zatraq'gul.,inventory_changed,task,graveyard:graveyard/summon_lich,,Gnarl,INCLUDE,distinct authored native event (Q210),"default, no specialist theme",,,,
The_Graveyard_3.1_(FORGE)_for_1.20.1.jar,graveyard,graveyard:graveyard/wraith_dim_light,Who turned the lights off?,Witness a wraith extinguish a light source.,graveyard:dim_light,task,graveyard:graveyard/crypt,,Gnarl,INCLUDE,distinct authored native event (Q210),"default, no specialist theme",,,,
YungsBetterDungeons-1.20-Forge-4.0.4.jar,betterdungeons,betterdungeons:all_dungeons,Professional Dungeoneer,Explore all of the Better Dungeons!,yungsapi:structure_location,task,betterdungeons:root,YES,Gnarl,INCLUDE,completion significance (Q210),"default, no specialist theme",,,,
YungsBetterDungeons-1.20-Forge-4.0.4.jar,betterdungeons,betterdungeons:skeleton_dungeon,A Bone to Pick,Enter a Fortress of the Undead,yungsapi:structure_location,task,betterdungeons:root,,Gnarl,INCLUDE,place/structure discovery (Q210),"default, no specialist theme",,,,
YungsBetterDungeons-1.20-Forge-4.0.4.jar,betterdungeons,betterdungeons:small_dungeon,Quite the Renovation,Find an upgraded Monster Room,yungsapi:structure_location,task,betterdungeons:root,,Gnarl,INCLUDE,place/structure discovery (Q210),"default, no specialist theme",,,,
YungsBetterDungeons-1.20-Forge-4.0.4.jar,betterdungeons,betterdungeons:spider_dungeon,Cobweb Entanglement,Discover a Spider Cave,yungsapi:structure_location,task,betterdungeons:root,,Gnarl,INCLUDE,place/structure discovery (Q210),"default, no specialist theme",,,,
YungsBetterDungeons-1.20-Forge-4.0.4.jar,betterdungeons,betterdungeons:zombie_dungeon,When in Rome,Set foot in a Catacomb,yungsapi:structure_location,task,betterdungeons:root,,Gnarl,INCLUDE,distinct authored native event (Q210),"default, no specialist theme",,,,
YungsBetterNetherFortresses-1.20-Forge-2.0.6.jar,minecraft,minecraft:nether/find_fortress,advancements.nether.find_fortress.title,advancements.nether.find_fortress.description,yungsapi:structure_location,task,minecraft:nether/root,,Gnarl,INCLUDE,distinct authored native event (Q210),"default, no specialist theme",,,,
artifacts-forge-9.5.19.jar,artifacts,artifacts:amateur_archaeologist,Amateur Archaeologist,Find an Artifact,inventory_changed,task,minecraft:adventure/root,,Historian,INCLUDE,distinct authored native event (Q210),event theme (Q212),,,,
artifacts-forge-9.5.19.jar,artifacts,artifacts:chest_slayer,Chest Slayer,Kill a Mimic,player_killed_entity,task,artifacts:amateur_archaeologist,,Gnarl,INCLUDE,distinct authored native event (Q210),"default, no specialist theme",,,,
biomancy-forge-1.20.1-2.9.0.1-alpha.0.jar,biomancy,biomancy:biomancy/bio_forge,Organic Smithing,"You dreamt of a Bio-Construct weaving organic parts together into intricate semi-living things... You don't know when, but you built it.",inventory_changed,goal,biomancy:biomancy/living_flesh,,Giblet the Sixth,INCLUDE,goal-frame milestone (Q210),event theme (Q212),,,,
biomancy-forge-1.20.1-2.9.0.1-alpha.0.jar,biomancy,biomancy:biomancy/bio_injector,Injections,Craft a Injector to be able to forcefully inject Serums into all living things.,inventory_changed,task,biomancy:biomancy/bio_lab,YES,Gnarl,INCLUDE,completion significance (Q210),"default, no specialist theme",,,,
biomancy-forge-1.20.1-2.9.0.1-alpha.0.jar,biomancy,biomancy:biomancy/bio_lab,Is this still Alchemy?,"You had an epiphany, why use crude inorganic tools to brew potions if an Bio-Construct can do it better. No longer do you need to mix or adjust the heat by yourself.",inventory_changed,challenge,biomancy:biomancy/bio_forge,,Gnarl,INCLUDE,challenge-frame milestone (Q210),"default, no specialist theme",,,,
biomancy-forge-1.20.1-2.9.0.1-alpha.0.jar,biomancy,biomancy:biomancy/cradle,Cradle of Life,The Primordial Core is whispering of a bowl filled with life... build the flesh construct and feed it with organic materials.,placed_block,task,biomancy:biomancy/primal_vision,,Gnarl,INCLUDE,distinct authored native event (Q210),"default, no specialist theme",,,,
biomancy-forge-1.20.1-2.9.0.1-alpha.0.jar,biomancy,biomancy:biomancy/decomposer,Munch & Crunch,You suddenly feel disgusted by the composter. You should use a semi-living construct to decompose things into their base parts.,inventory_changed,task,biomancy:biomancy/living_flesh,,Gnarl,INCLUDE,distinct authored native event (Q210),"default, no specialist theme",,,,
biomancy-forge-1.20.1-2.9.0.1-alpha.0.jar,biomancy,biomancy:biomancy/digester,Yummy Paste,You feel tired of feeding your Bio-Constructs with poor quality food. You have the urge to produce a nutrients enriched yellow-green paste.,inventory_changed,challenge,biomancy:biomancy/bio_forge,,Gristle,INCLUDE,challenge-frame milestone (Q210),event theme (Q212),,,,
biomancy-forge-1.20.1-2.9.0.1-alpha.0.jar,biomancy,biomancy:biomancy/exotic_compounds,Exotic Bio-Alchemy,Combine organic things with exotic compounds to create cures and cleansing fluids.,inventory_changed,task,biomancy:biomancy/organic_compounds,,Gnarl,INCLUDE,distinct authored native event (Q210),"default, no specialist theme",,,,
biomancy-forge-1.20.1-2.9.0.1-alpha.0.jar,biomancy,biomancy:biomancy/genetic_compounds,Genetic Bio-Alchemy,Combine organic things with genetic compounds to create fluids that influence growth and fertility.,inventory_changed,task,biomancy:biomancy/organic_compounds,,Gnarl,INCLUDE,distinct authored native event (Q210),"default, no specialist theme",,,,
biomancy-forge-1.20.1-2.9.0.1-alpha.0.jar,biomancy,biomancy:biomancy/greedy_butcher,Greedy Butcher,You've acquired a taste for organic trinkets. Craft the plundering Sickle to get them fresh from your victims death.,inventory_changed,task,biomancy:biomancy/primal_vision,,Mortis,INCLUDE,distinct authored native event (Q210),event theme (Q212),,,,
biomancy-forge-1.20.1-2.9.0.1-alpha.0.jar,biomancy,biomancy:biomancy/healing_activator_sacrifice,Healing Activator,"It's seems like items rich in life energy are needed. Jumpstart the process with a few healing/regen potions, other special foods or artifacts containing health properties.",biomancy:sacrificed_item,task,biomancy:biomancy/cradle,,Gristle,INCLUDE,distinct authored native event (Q210),event theme (Q212),,,,
biomancy-forge-1.20.1-2.9.0.1-alpha.0.jar,biomancy,biomancy:biomancy/living_flesh,Betrayal of Life,Kill a innocent Flesh Blob to progress further. Twist their essence to your will..,player_killed_entity,challenge,biomancy:biomancy/empty_after_cradle,,Gnarl,INCLUDE,challenge-frame milestone (Q210),"default, no specialist theme",,,,
biomancy-forge-1.20.1-2.9.0.1-alpha.0.jar,biomancy,biomancy:biomancy/malignant_growth,Malignant Growth,Cultivate a flesh mound and harvest it's flesh. Excessively use your cradle or sacrifice items that contain superior life energy.,inventory_changed,task,biomancy:biomancy/empty_after_cradle,,Gristle,INCLUDE,distinct authored native event (Q210),event theme (Q212),,,,
biomancy-forge-1.20.1-2.9.0.1-alpha.0.jar,biomancy,biomancy:biomancy/organic_compounds,Organic Bio-Alchemy,Combine various organic secretions and substances to create Compounds and Serums.,inventory_changed,task,biomancy:biomancy/bio_lab,,Gnarl,INCLUDE,distinct authored native event (Q210),"default, no specialist theme",,,,
biomancy-forge-1.20.1-2.9.0.1-alpha.0.jar,biomancy,biomancy:biomancy/predator_killer,Predator Killer,Hunt predators and collect their fangs and claws.,inventory_changed,challenge,biomancy:biomancy/greedy_butcher,,Gnarl,INCLUDE,challenge-frame milestone (Q210),"default, no specialist theme",,,,
biomancy-forge-1.20.1-2.9.0.1-alpha.0.jar,biomancy,biomancy:biomancy/primal_orifice,Trypophobia?,Explore your flesh mound and harvest flesh blocks perforated with many holes.,inventory_changed,challenge,biomancy:biomancy/malignant_growth,,Gristle,INCLUDE,challenge-frame milestone (Q210),event theme (Q212),,,,
biomancy-forge-1.20.1-2.9.0.1-alpha.0.jar,biomancy,biomancy:biomancy/raw_meat_collection,Collector of Raw Meats,"Collect each type of prime meat. Pork, beef, chicken and mutton reflect their source. Primeval whispers of absurdity. You need to catch them all!",inventory_changed,challenge,biomancy:biomancy/root,YES,Gnarl,INCLUDE,completion significance (Q210),"default, no specialist theme",,,,
biomancy-forge-1.20.1-2.9.0.1-alpha.0.jar,biomancy,biomancy:biomancy/raw_meat_sacrifice,Tartar Delight,Serve raw meat to the Primordial Cradle.,biomancy:sacrificed_item,task,biomancy:biomancy/cradle,,Gnarl,INCLUDE,distinct authored native event (Q210),"default, no specialist theme",,,,
biomancy-forge-1.20.1-2.9.0.1-alpha.0.jar,biomancy,biomancy:biomancy/root,Whispers in the Meat,"You feel a presence in the flesh, faint whispers reach your ears:",inventory_changed,task,,,Gnarl,INCLUDE,domain entry milestone (Q210),"default, no specialist theme",,,,
block_factorys_bosses-2.1.2-forge-1.20.1.jar,block_factorys_bosses,block_factorys_bosses:die_boss,Bosses' Rise,Die fighting a Boss,entity_killed_player,task,,,Gnarl,INCLUDE,major hostile encounter (Q210),"default, no specialist theme",,,,
block_factorys_bosses-2.1.2-forge-1.20.1.jar,block_factorys_bosses,block_factorys_bosses:kill_all_bosses,Unbound,Defeat all Bosses,player_killed_entity,challenge,block_factorys_bosses:kill_boss_under_minute,YES,Gnarl,INCLUDE,completion significance (Q210),"default, no specialist theme",,,,
block_factorys_bosses-2.1.2-forge-1.20.1.jar,block_factorys_bosses,block_factorys_bosses:kill_boss_under_minute,Overclocker,Defeat a Boss under a minute,impossible,challenge,block_factorys_bosses:die_boss,,Gnarl,INCLUDE,challenge-frame milestone (Q210),"default, no specialist theme",,,,
block_factorys_bosses-2.1.2-forge-1.20.1.jar,block_factorys_bosses,block_factorys_bosses:kill_dragon,Dragon Slayer,"Defeat Ashlord, the Infernal Dragon",player_killed_entity,task,block_factorys_bosses:die_boss,,Gnarl,INCLUDE,major hostile encounter (Q210),"default, no specialist theme",,,,
block_factorys_bosses-2.1.2-forge-1.20.1.jar,block_factorys_bosses,block_factorys_bosses:kill_kraken,Terror of the Depths,"Defeat Nerakyss, the Kraken",player_killed_entity,task,block_factorys_bosses:die_boss,,Gnarl,INCLUDE,major hostile encounter (Q210),"default, no specialist theme",,,,
block_factorys_bosses-2.1.2-forge-1.20.1.jar,block_factorys_bosses,block_factorys_bosses:kill_sandworm,The Beast Below,"Defeat Sirok, the Sandworm",player_killed_entity,task,block_factorys_bosses:die_boss,,Gnarl,INCLUDE,major hostile encounter (Q210),"default, no specialist theme",,,,
block_factorys_bosses-2.1.2-forge-1.20.1.jar,block_factorys_bosses,block_factorys_bosses:kill_underworld_knight,Back Into Hell!,"Defeat Helvar, the Underworld Knight",player_killed_entity,task,block_factorys_bosses:die_boss,,Gnarl,INCLUDE,major hostile encounter (Q210),"default, no specialist theme",,,,
block_factorys_bosses-2.1.2-forge-1.20.1.jar,block_factorys_bosses,block_factorys_bosses:kill_yeti,Lost in the Snow,"Defeat Skor, the Yeti",player_killed_entity,task,block_factorys_bosses:die_boss,,Gnarl,INCLUDE,major hostile encounter (Q210),"default, no specialist theme",,,,
block_factorys_bosses-2.1.2-forge-1.20.1.jar,block_factorys_bosses,block_factorys_bosses:no_hit_dragon,Dragon Hunter,Kill the Infernal Dragon without getting hit,impossible,challenge,block_factorys_bosses:kill_dragon,,Gnarl,INCLUDE,challenge-frame milestone (Q210),"default, no specialist theme",,,,
block_factorys_bosses-2.1.2-forge-1.20.1.jar,block_factorys_bosses,block_factorys_bosses:no_hit_kraken,Wraith of the Tide,"Kill Nerakyss, the Kraken, without getting hit",impossible,challenge,block_factorys_bosses:kill_kraken,,Gnarl,INCLUDE,challenge-frame milestone (Q210),"default, no specialist theme",,,,
block_factorys_bosses-2.1.2-forge-1.20.1.jar,block_factorys_bosses,block_factorys_bosses:no_hit_sandworm,Desert Power,"Kill Sirok, the Sandworm, without getting hit",impossible,challenge,block_factorys_bosses:kill_sandworm,,Gnarl,INCLUDE,challenge-frame milestone (Q210),"default, no specialist theme",,,,
block_factorys_bosses-2.1.2-forge-1.20.1.jar,block_factorys_bosses,block_factorys_bosses:no_hit_underworld_knight,Beyond Death,Kill the Underworld Knight without getting hit,impossible,challenge,block_factorys_bosses:kill_underworld_knight,,Mortis,INCLUDE,challenge-frame milestone (Q210),event theme (Q212),,,,
block_factorys_bosses-2.1.2-forge-1.20.1.jar,block_factorys_bosses,block_factorys_bosses:no_hit_yeti,King of the Hill,Kill Skor without getting hit,impossible,challenge,block_factorys_bosses:kill_yeti,,Gnarl,INCLUDE,challenge-frame milestone (Q210),"default, no specialist theme",,,,
born_in_chaos_[Forge]1.20.1_1.7.5.jar,born_in_chaos_v1,born_in_chaos_v1:arachnophobes_nightmare,Arachnophobe's Nightmare,Kill Spiders Mother,impossible,goal,born_in_chaos_v1:bornin_chaos,,Gnarl,INCLUDE,goal-frame milestone (Q210),"default, no specialist theme",,,,
born_in_chaos_[Forge]1.20.1_1.7.5.jar,born_in_chaos_v1,born_in_chaos_v1:big_boy,Big Boy,Kill the Dire Hound Leader,impossible,goal,born_in_chaos_v1:bornin_chaos,,Gnarl,INCLUDE,major hostile encounter (Q210),"default, no specialist theme",,,,
born_in_chaos_[Forge]1.20.1_1.7.5.jar,born_in_chaos_v1,born_in_chaos_v1:bonk,Bonk!,Stun someone with the Skullbreaker Hammer,impossible,task,born_in_chaos_v1:dark_blacksmith,,Gnarl,INCLUDE,distinct authored native event (Q210),"default, no specialist theme",,,,
born_in_chaos_[Forge]1.20.1_1.7.5.jar,born_in_chaos_v1,born_in_chaos_v1:bornin_chaos,Born in Chaos,Enter a world full of dangers,tick,task,,,,EXCLUDE,polling detector (Q210),,,,,
born_in_chaos_[Forge]1.20.1_1.7.5.jar,born_in_chaos_v1,born_in_chaos_v1:bury_them_all,Bury Them All,Collect all the tombstones of immortalized people,inventory_changed,challenge,born_in_chaos_v1:grave_ravager,YES,Mortis,INCLUDE,completion significance (Q210),event theme (Q212),,,,
born_in_chaos_[Forge]1.20.1_1.7.5.jar,born_in_chaos_v1,born_in_chaos_v1:bypassingthe_expiration_date,Bypassing the Expiration Date,Eat Smoked Food,impossible,task,born_in_chaos_v1:bornin_chaos,,,EXCLUDE,repetitive advancement family member (Q213),,,,,
born_in_chaos_[Forge]1.20.1_1.7.5.jar,born_in_chaos_v1,born_in_chaos_v1:chaos_knight,Chaos Knight,Equip a full set of Dark Metal Armor,impossible,challenge,born_in_chaos_v1:dark_forging,YES,Gnarl,INCLUDE,completion significance (Q210),"default, no specialist theme",,,,
born_in_chaos_[Forge]1.20.1_1.7.5.jar,born_in_chaos_v1,born_in_chaos_v1:charm_collector,Charm Collector,Collect all types of Charms in your inventory,inventory_changed,challenge,born_in_chaos_v1:dark_creator,YES,Gnarl,INCLUDE,completion significance (Q210),"default, no specialist theme",,,,
born_in_chaos_[Forge]1.20.1_1.7.5.jar,born_in_chaos_v1,born_in_chaos_v1:compact_necromancy,Compact Necromancy,Craft the Bonescaller Staff,impossible,goal,born_in_chaos_v1:junior_summoner,,Mortis,INCLUDE,goal-frame milestone (Q210),event theme (Q212),,,,
born_in_chaos_[Forge]1.20.1_1.7.5.jar,born_in_chaos_v1,born_in_chaos_v1:cultural_attribute,Cultural Attribute,Get the Spirit Guide Sombrero,inventory_changed,goal,born_in_chaos_v1:guidetothenextworld,,Gnarl,INCLUDE,goal-frame milestone (Q210),"default, no specialist theme",,,,
born_in_chaos_[Forge]1.20.1_1.7.5.jar,born_in_chaos_v1,born_in_chaos_v1:dark_blacksmith,Dark Blacksmith,Craft any dark metal weapon,impossible,goal,born_in_chaos_v1:dark_forging,,Giblet the Sixth,INCLUDE,goal-frame milestone (Q210),event theme (Q212),,,,
born_in_chaos_[Forge]1.20.1_1.7.5.jar,born_in_chaos_v1,born_in_chaos_v1:dark_creator,Dark Creator,Kill the Missionary,impossible,goal,born_in_chaos_v1:bornin_chaos,,Gnarl,INCLUDE,major hostile encounter (Q210),"default, no specialist theme",,,,
born_in_chaos_[Forge]1.20.1_1.7.5.jar,born_in_chaos_v1,born_in_chaos_v1:dark_forging,Dark Forging,Craft a Dark Metal Ingot,impossible,task,born_in_chaos_v1:dark_metallurgy,,Giblet the Sixth,INCLUDE,distinct authored native event (Q210),event theme (Q212),,,,
born_in_chaos_[Forge]1.20.1_1.7.5.jar,born_in_chaos_v1,born_in_chaos_v1:dark_metallurgy,Dark Metallurgy,Get a piece of dark metal,inventory_changed,task,born_in_chaos_v1:bornin_chaos,,,EXCLUDE,single-item acquisition tick (Q210),,,,,
born_in_chaos_[Forge]1.20.1_1.7.5.jar,born_in_chaos_v1,born_in_chaos_v1:disgusting_lootbox,Disgusting Lootbox,Rip open Glutton Fish Stomach,impossible,task,born_in_chaos_v1:horrorofthe_depths,,Gnarl,INCLUDE,distinct authored native event (Q210),"default, no specialist theme",,,,
born_in_chaos_[Forge]1.20.1_1.7.5.jar,born_in_chaos_v1,born_in_chaos_v1:dismantledto_bones,Senior Summoner,Kill the Supreme Bonescaller,impossible,goal,born_in_chaos_v1:junior_summoner,,Gnarl,INCLUDE,major hostile encounter (Q210),"default, no specialist theme",,,,
born_in_chaos_[Forge]1.20.1_1.7.5.jar,born_in_chaos_v1,born_in_chaos_v1:excessive_fly_swatter,Excessive Fly Swatter,Kill a Corpse Fly with a Dark Warblade while under the effects of a stage 5 rampage.,impossible,challenge,born_in_chaos_v1:my_size,,Gnarl,INCLUDE,challenge-frame milestone (Q210),"default, no specialist theme",,,,
born_in_chaos_[Forge]1.20.1_1.7.5.jar,born_in_chaos_v1,born_in_chaos_v1:exorcism,Exorcism,Kill a mob possessed by the spirit of chaos,impossible,goal,born_in_chaos_v1:bornin_chaos,,Gnarl,INCLUDE,goal-frame milestone (Q210),"default, no specialist theme",,,,
born_in_chaos_[Forge]1.20.1_1.7.5.jar,born_in_chaos_v1,born_in_chaos_v1:explosive_temper,Explosive Temper,Put on the Damned Demoman Hat,impossible,goal,born_in_chaos_v1:good_demoman,,Gnarl,INCLUDE,goal-frame milestone (Q210),"default, no specialist theme",,,,
born_in_chaos_[Forge]1.20.1_1.7.5.jar,born_in_chaos_v1,born_in_chaos_v1:fighting_nightmares,Fighting Nightmares,Kill the Nightmare Stalker,impossible,goal,born_in_chaos_v1:bornin_chaos,,Gnarl,INCLUDE,major hostile encounter (Q210),"default, no specialist theme",,,,
born_in_chaos_[Forge]1.20.1_1.7.5.jar,born_in_chaos_v1,born_in_chaos_v1:food_fight,Food Fight,Hit someone with monster flesh,impossible,task,born_in_chaos_v1:bornin_chaos,,,EXCLUDE,repetitive advancement family member (Q213),,,,,
born_in_chaos_[Forge]1.20.1_1.7.5.jar,born_in_chaos_v1,born_in_chaos_v1:freshen_your_breath,Freshen Your Breath,Remove Rotten Stink by eating Mint Candy,impossible,task,born_in_chaos_v1:bornin_chaos,,,EXCLUDE,repetitive advancement family member (Q213),,,,,
born_in_chaos_[Forge]1.20.1_1.7.5.jar,born_in_chaos_v1,born_in_chaos_v1:good_demoman,Good Demoman,Kill the Skeleton Demoman,impossible,task,born_in_chaos_v1:bornin_chaos,,Gnarl,INCLUDE,major hostile encounter (Q210),"default, no specialist theme",,,,
born_in_chaos_[Forge]1.20.1_1.7.5.jar,born_in_chaos_v1,born_in_chaos_v1:grave_ravager,Grave Ravager,Break down the gravestone of the immortalized person,impossible,task,born_in_chaos_v1:bornin_chaos,,,EXCLUDE,repetitive advancement family member (Q213),,,,,
born_in_chaos_[Forge]1.20.1_1.7.5.jar,born_in_chaos_v1,born_in_chaos_v1:guidetothenextworld,The day of the Dead,Kill the Spirit Guide,impossible,task,born_in_chaos_v1:bornin_chaos,,Mortis,INCLUDE,major hostile encounter (Q210),event theme (Q212),,,,
born_in_chaos_[Forge]1.20.1_1.7.5.jar,born_in_chaos_v1,born_in_chaos_v1:hat_for_dark_deeds,Hat for dark affairs,Get the Missionary Hat,inventory_changed,goal,born_in_chaos_v1:dark_creator,,Gnarl,INCLUDE,goal-frame milestone (Q210),"default, no specialist theme",,,,
born_in_chaos_[Forge]1.20.1_1.7.5.jar,born_in_chaos_v1,born_in_chaos_v1:hatman,Hatman,Collect all hats from Born in Chaos,inventory_changed,challenge,born_in_chaos_v1:infernal_hatman,YES,Gnarl,INCLUDE,completion significance (Q210),"default, no specialist theme",,,,
born_in_chaos_[Forge]1.20.1_1.7.5.jar,born_in_chaos_v1,born_in_chaos_v1:heart_thief,Heart Thief,Get Elixir of Vampirism,inventory_changed,task,born_in_chaos_v1:horror_underthe_mantle,,,EXCLUDE,single-item acquisition tick (Q210),,,,,
born_in_chaos_[Forge]1.20.1_1.7.5.jar,born_in_chaos_v1,born_in_chaos_v1:horror_underthe_mantle,Horror Under the Mantle,Kill Lifestealer,impossible,goal,born_in_chaos_v1:bornin_chaos,,Gnarl,INCLUDE,goal-frame milestone (Q210),"default, no specialist theme",,,,
born_in_chaos_[Forge]1.20.1_1.7.5.jar,born_in_chaos_v1,born_in_chaos_v1:horrorofthe_depths,Horror of the Depths,Kill Glutton Fish,impossible,goal,born_in_chaos_v1:bornin_chaos,,Gnarl,INCLUDE,goal-frame milestone (Q210),"default, no specialist theme",,,,
born_in_chaos_[Forge]1.20.1_1.7.5.jar,born_in_chaos_v1,born_in_chaos_v1:infernal_hatman,Infernal Musketeer,Get Lord Pumpkinhead Hat,inventory_changed,goal,born_in_chaos_v1:pumpkin_lord,,Gnarl,INCLUDE,goal-frame milestone (Q210),"default, no specialist theme",,,,
born_in_chaos_[Forge]1.20.1_1.7.5.jar,born_in_chaos_v1,born_in_chaos_v1:infernal_medicine,Infernal Medicine,Transform Seared Spirit into Infernal Spirit using Transmuting Elixir,impossible,goal,born_in_chaos_v1:transmutalogy,,Gnarl,INCLUDE,goal-frame milestone (Q210),"default, no specialist theme",,,,
born_in_chaos_[Forge]1.20.1_1.7.5.jar,born_in_chaos_v1,born_in_chaos_v1:insect_repellent,Insect Repellent,Get Elixir of Insect Protection,inventory_changed,task,born_in_chaos_v1:bornin_chaos,,,EXCLUDE,single-item acquisition tick (Q210),,,,,
born_in_chaos_[Forge]1.20.1_1.7.5.jar,born_in_chaos_v1,born_in_chaos_v1:junior_summoner,Junior Summoner,Kill the Bonecaller,impossible,task,born_in_chaos_v1:bornin_chaos,,Gnarl,INCLUDE,major hostile encounter (Q210),"default, no specialist theme",,,,
born_in_chaos_[Forge]1.20.1_1.7.5.jar,born_in_chaos_v1,born_in_chaos_v1:lifeturnedouttobeacomedy,Life turned out to be a comedy,Kill the zombie clown,impossible,task,born_in_chaos_v1:bornin_chaos,,Gnarl,INCLUDE,major hostile encounter (Q210),"default, no specialist theme",,,,
born_in_chaos_[Forge]1.20.1_1.7.5.jar,born_in_chaos_v1,born_in_chaos_v1:mr_decoction,Mr. Decoction,Create an Intoxication or Stimulation Bomb,impossible,task,born_in_chaos_v1:lifeturnedouttobeacomedy,,Gnarl,INCLUDE,distinct authored native event (Q210),"default, no specialist theme",,,,
born_in_chaos_[Forge]1.20.1_1.7.5.jar,born_in_chaos_v1,born_in_chaos_v1:my_size,My Size!,Craft a Dark Warblade,impossible,goal,born_in_chaos_v1:dark_blacksmith,,Gnarl,INCLUDE,goal-frame milestone (Q210),"default, no specialist theme",,,,
born_in_chaos_[Forge]1.20.1_1.7.5.jar,born_in_chaos_v1,born_in_chaos_v1:one_explosion_is_good_two_is_better,Double Bang,Craft a Phantom Bomb,impossible,task,born_in_chaos_v1:double_trouble,,Gnarl,INCLUDE,distinct authored native event (Q210),"default, no specialist theme",,,,
born_in_chaos_[Forge]1.20.1_1.7.5.jar,born_in_chaos_v1,born_in_chaos_v1:protectedby_darkness,Protected by Darkness,Craft Dark Atrium,impossible,goal,born_in_chaos_v1:horror_underthe_mantle,,Gnarl,INCLUDE,goal-frame milestone (Q210),"default, no specialist theme",,,,
born_in_chaos_[Forge]1.20.1_1.7.5.jar,born_in_chaos_v1,born_in_chaos_v1:pumpkin_lord,Last Night,Kill Lord Pumpkinhead,impossible,challenge,born_in_chaos_v1:transmutalogy,,Gnarl,INCLUDE,challenge-frame milestone (Q210),"default, no specialist theme",,,,
born_in_chaos_[Forge]1.20.1_1.7.5.jar,born_in_chaos_v1,born_in_chaos_v1:pumpkin_sir,Pumpkin Sir,Kill Sir Pumpkinhead,impossible,goal,born_in_chaos_v1:bornin_chaos,,Gnarl,INCLUDE,goal-frame milestone (Q210),"default, no specialist theme",,,,
born_in_chaos_[Forge]1.20.1_1.7.5.jar,born_in_chaos_v1,born_in_chaos_v1:rampage,RAMPAGE!,Get a five-kill streak with the Great Reaper Ax in a short period of time,impossible,goal,born_in_chaos_v1:dark_blacksmith,,Mortis,INCLUDE,goal-frame milestone (Q210),event theme (Q212),,,,
born_in_chaos_[Forge]1.20.1_1.7.5.jar,born_in_chaos_v1,born_in_chaos_v1:scarecrow,Scarecrow,Create your own Pumpkin Spirit,impossible,task,born_in_chaos_v1:bornin_chaos,,,EXCLUDE,repetitive advancement family member (Q213),,,,,
born_in_chaos_[Forge]1.20.1_1.7.5.jar,born_in_chaos_v1,born_in_chaos_v1:shakeand_mix,Shake and Mix,Be under the effects of Intoxication and Stimulation at the same time,impossible,goal,born_in_chaos_v1:lifeturnedouttobeacomedy,,Gnarl,INCLUDE,goal-frame milestone (Q210),"default, no specialist theme",,,,
born_in_chaos_[Forge]1.20.1_1.7.5.jar,born_in_chaos_v1,born_in_chaos_v1:shell_warrior,Shell Warrior,Equip a full set of Spiny Shell Armor,impossible,goal,born_in_chaos_v1:waste_recycler,YES,Gnarl,INCLUDE,completion significance (Q210),"default, no specialist theme",,,,
born_in_chaos_[Forge]1.20.1_1.7.5.jar,born_in_chaos_v1,born_in_chaos_v1:soul_eater,Soul Eater,Collect 64 Ethereal Spirits into your inventory,inventory_changed,challenge,born_in_chaos_v1:bornin_chaos,,Mortis,INCLUDE,challenge-frame milestone (Q210),event theme (Q212),,,,
born_in_chaos_[Forge]1.20.1_1.7.5.jar,born_in_chaos_v1,born_in_chaos_v1:spider_warlord,Spider Warlord,Craft Spider Bite,impossible,goal,born_in_chaos_v1:arachnophobes_nightmare,,Gnarl,INCLUDE,goal-frame milestone (Q210),"default, no specialist theme",,,,
born_in_chaos_[Forge]1.20.1_1.7.5.jar,born_in_chaos_v1,born_in_chaos_v1:spruce_cowboyinthe_moonlight,Spruce Cowboy In The Moonlight,"Standing on a spruce log and while mounted, wearing Damned Demoman's Hat under the moon, kill any monster.",impossible,challenge,born_in_chaos_v1:explosive_temper,,Gnarl,INCLUDE,challenge-frame milestone (Q210),"default, no specialist theme",,,,
born_in_chaos_[Forge]1.20.1_1.7.5.jar,born_in_chaos_v1,born_in_chaos_v1:squireofthe_dark_lord,Squire of the Dark Lord,Have all types of dark metal weapons in your inventory,inventory_changed,challenge,born_in_chaos_v1:my_size,YES,Gnarl,INCLUDE,completion significance (Q210),"default, no specialist theme",,,,
born_in_chaos_[Forge]1.20.1_1.7.5.jar,born_in_chaos_v1,born_in_chaos_v1:sweet_battle,Sweet Battle,Craft a Sweet Axe or Sword,impossible,task,born_in_chaos_v1:pumpkin_sir,,Gnarl,INCLUDE,distinct authored native event (Q210),"default, no specialist theme",,,,
born_in_chaos_[Forge]1.20.1_1.7.5.jar,born_in_chaos_v1,born_in_chaos_v1:symphonyof_chaos,Symphony of Chaos,Get all the Born in Chaos music discs,inventory_changed,challenge,born_in_chaos_v1:pumpkin_sir,YES,Quaver,INCLUDE,completion significance (Q210),event theme (Q212),,,,
born_in_chaos_[Forge]1.20.1_1.7.5.jar,born_in_chaos_v1,born_in_chaos_v1:the_wind_darkening,The Wind Darkening,Kill the dark vortex,impossible,task,born_in_chaos_v1:bornin_chaos,,Gnarl,INCLUDE,major hostile encounter (Q210),"default, no specialist theme",,,,
born_in_chaos_[Forge]1.20.1_1.7.5.jar,born_in_chaos_v1,born_in_chaos_v1:transmutalogy,Transmutalogy,Create Transmuting Elixir,impossible,goal,born_in_chaos_v1:pumpkin_sir,,Gnarl,INCLUDE,goal-frame milestone (Q210),"default, no specialist theme",,,,
born_in_chaos_[Forge]1.20.1_1.7.5.jar,born_in_chaos_v1,born_in_chaos_v1:trickor_treat,Trick or Treat,Collect all kinds of sweets from Born in Chaos,inventory_changed,challenge,born_in_chaos_v1:yoursatietywillbe_eternal,YES,Gnarl,INCLUDE,completion significance (Q210),"default, no specialist theme",,,,
born_in_chaos_[Forge]1.20.1_1.7.5.jar,born_in_chaos_v1,born_in_chaos_v1:unitywith_darknessachievement,Unity with Darkness,Equip a full set of Nightmare Armor,impossible,challenge,born_in_chaos_v1:fighting_nightmares,YES,Gnarl,INCLUDE,completion significance (Q210),"default, no specialist theme",,,,
born_in_chaos_[Forge]1.20.1_1.7.5.jar,born_in_chaos_v1,born_in_chaos_v1:waste_recycler,Waste Recycler,Feed the Thornshell Crab rotten flesh or rotten fish,impossible,task,born_in_chaos_v1:bornin_chaos,,,EXCLUDE,repetitive advancement family member (Q213),,,,,
born_in_chaos_[Forge]1.20.1_1.7.5.jar,born_in_chaos_v1,born_in_chaos_v1:wrong_santa,Wrong Santa,Kill the Krampus,impossible,goal,born_in_chaos_v1:naughty_child,,Gnarl,INCLUDE,major hostile encounter (Q210),"default, no specialist theme",,,,
born_in_chaos_[Forge]1.20.1_1.7.5.jar,born_in_chaos_v1,born_in_chaos_v1:yoursatietywillbe_eternal,Your satiety will be Eternal!,Craft Eternal Candy,impossible,goal,born_in_chaos_v1:transmutalogy,,Gnarl,INCLUDE,goal-frame milestone (Q210),"default, no specialist theme",,,,
eidolon_repraised-1.20.1-0.3.13.jar,eidolon,eidolon:athame,The Finest Dagger,Craft an Athame to harvest Rare Plants and Ender Pearls,inventory_changed,task,eidolon:worktable,,,EXCLUDE,single-item acquisition tick (Q210),,,,,
eidolon_repraised-1.20.1-0.3.13.jar,eidolon,eidolon:brazier,Rituals,Craft a Brazier,inventory_changed,task,eidolon:pewter_ingot,,,EXCLUDE,single-item acquisition tick (Q210),,,,,
eidolon_repraised-1.20.1-0.3.13.jar,eidolon,eidolon:crucible,Alchemical Soup,Craft a Crucible,inventory_changed,task,eidolon:pewter_ingot,,,EXCLUDE,single-item acquisition tick (Q210),,,,,
eidolon_repraised-1.20.1-0.3.13.jar,eidolon,eidolon:cure_zombie,Curse Lifted,Cure a Zombie Villager with the Chant,eidolon:cure_zombie,task,eidolon:lay_on_hands,,Gnarl,INCLUDE,distinct authored native event (Q210),"default, no specialist theme",,,,
eidolon_repraised-1.20.1-0.3.13.jar,eidolon,eidolon:enthrall_undead,A New Servant,Enthrall an Undead with the Chant,eidolon:enthrall_undead,task,eidolon:zombify,,Gnarl,INCLUDE,distinct authored native event (Q210),"default, no specialist theme",,,,
eidolon_repraised-1.20.1-0.3.13.jar,eidolon,eidolon:flame_spell,Chant of Flames,Learn the Chant of Flames researching a Blaze,eidolon:flame_spell,task,eidolon:research_notes,,Gnarl,INCLUDE,distinct authored native event (Q210),"default, no specialist theme",,,,
eidolon_repraised-1.20.1-0.3.13.jar,eidolon,eidolon:frost_spell,Call of Winter,Learn the Call of Winter researching a Wraith or a Stray,eidolon:frost_spell,task,eidolon:research_notes,,Gnarl,INCLUDE,distinct authored native event (Q210),"default, no specialist theme",,,,
eidolon_repraised-1.20.1-0.3.13.jar,eidolon,eidolon:holy_symbol,Blessed with Light,Transfigure a Gold Inlay into the Holy Symbol,inventory_changed,task,eidolon:incense,,Gnarl,INCLUDE,distinct authored native event (Q210),"default, no specialist theme",,,,
eidolon_repraised-1.20.1-0.3.13.jar,eidolon,eidolon:incense,A Humble Offering,Craft a Censer and burn an Offering Incense on an Altar,eidolon:incense,task,eidolon:sacred_path,,Gnarl,INCLUDE,distinct authored native event (Q210),"default, no specialist theme",,,,
eidolon_repraised-1.20.1-0.3.13.jar,eidolon,eidolon:lay_on_hands,Healing Touch,Use your Holy Powers to heal another.,eidolon:lay_on_hands,task,eidolon:holy_symbol,,Gnarl,INCLUDE,distinct authored native event (Q210),"default, no specialist theme",,,,
eidolon_repraised-1.20.1-0.3.13.jar,eidolon,eidolon:pewter_ingot,The Alloy Inert to Magic,Craft a Pewter Ingot,inventory_changed,task,eidolon:root,,,EXCLUDE,single-item acquisition tick (Q210),,,,,
eidolon_repraised-1.20.1-0.3.13.jar,eidolon,eidolon:reaper_scythe,Reaping Time,Craft a Reaper Scythe to harvest Soul Shards from Undead Creatures,inventory_changed,task,eidolon:worktable,,,EXCLUDE,single-item acquisition tick (Q210),,,,,
eidolon_repraised-1.20.1-0.3.13.jar,eidolon,eidolon:research_notes,Research the World,Craft Note-Taking tools and use them on specific mobs to start a research,inventory_changed,task,eidolon:crucible,,,EXCLUDE,single-item acquisition tick (Q210),,,,,
eidolon_repraised-1.20.1-0.3.13.jar,eidolon,eidolon:root,Your Guide to the Supernatural,Craft the Ars Ecclesia,inventory_changed,task,,,Gnarl,INCLUDE,domain entry milestone (Q210),"default, no specialist theme",,,,
eidolon_repraised-1.20.1-0.3.13.jar,eidolon,eidolon:sacred_path,The Sacred Path,Ask a Priest to teach you the Sacred Sign,eidolon:sacred_path,task,eidolon:straw_effigy,,Gnarl,INCLUDE,distinct authored native event (Q210),"default, no specialist theme",,,,
eidolon_repraised-1.20.1-0.3.13.jar,eidolon,eidolon:sacrifice,Blood for the Dark One,Fill a Goblet with Blood on an Altar and perform the Chant,eidolon:sacrifice,task,eidolon:wicked_path,,Gnarl,INCLUDE,distinct authored native event (Q210),"default, no specialist theme",,,,
eidolon_repraised-1.20.1-0.3.13.jar,eidolon,eidolon:smite_undead,The light's Fury,Smite an Undead with the Chant,eidolon:smite_undead,task,eidolon:cure_zombie,,Gnarl,INCLUDE,distinct authored native event (Q210),"default, no specialist theme",,,,
eidolon_repraised-1.20.1-0.3.13.jar,eidolon,eidolon:soul_shard,Crystallized Souls,Use a Crystallization Ritual to obtain Soul Shards,inventory_changed,task,eidolon:brazier,,Mortis,INCLUDE,distinct authored native event (Q210),event theme (Q212),,,,
eidolon_repraised-1.20.1-0.3.13.jar,eidolon,eidolon:stone_altar,A more Powerful altar,Craft a Stone Altar,inventory_changed,task,eidolon:wooden_altar,,,EXCLUDE,single-item acquisition tick (Q210),,,,,
eidolon_repraised-1.20.1-0.3.13.jar,eidolon,eidolon:straw_effigy,A Raw Effigy to Pray at,Craft a Straw Effigy and put it on an Altar,inventory_changed,task,eidolon:root,,,EXCLUDE,single-item acquisition tick (Q210),,,,,
eidolon_repraised-1.20.1-0.3.13.jar,eidolon,eidolon:unholy_symbol,Marked with Darkness,Transfigure a Pewter Inlay into the Unholy Symbol,inventory_changed,task,eidolon:sacrifice,,Gnarl,INCLUDE,distinct authored native event (Q210),"default, no specialist theme",,,,
eidolon_repraised-1.20.1-0.3.13.jar,eidolon,eidolon:villager_sacrifice,A Greater Sacrifice,Sacrifice a Villager on the Altar,eidolon:villager_sacrifice,task,eidolon:unholy_symbol,,Gnarl,INCLUDE,distinct authored native event (Q210),"default, no specialist theme",,,,
eidolon_repraised-1.20.1-0.3.13.jar,eidolon,eidolon:wicked_path,The Wicked Path,Ask a Witch to teach you the Wicked Sign,eidolon:wicked_path,task,eidolon:straw_effigy,,Gnarl,INCLUDE,distinct authored native event (Q210),"default, no specialist theme",,,,
eidolon_repraised-1.20.1-0.3.13.jar,eidolon,eidolon:wooden_altar,Your First Altar,Craft a Wooden Altar,inventory_changed,task,eidolon:straw_effigy,,,EXCLUDE,single-item acquisition tick (Q210),,,,,
eidolon_repraised-1.20.1-0.3.13.jar,eidolon,eidolon:wooden_brewing_stand,Blazefree Potions,Craft an Apothecary Stand to brew Potions without Blaze Powder,inventory_changed,task,eidolon:crucible,,,EXCLUDE,single-item acquisition tick (Q210),,,,,
eidolon_repraised-1.20.1-0.3.13.jar,eidolon,eidolon:worktable,A Magical Workbench,Craft a Worktable,inventory_changed,task,eidolon:pewter_ingot,,,EXCLUDE,single-item acquisition tick (Q210),,,,,
eidolon_repraised-1.20.1-0.3.13.jar,eidolon,eidolon:zombify,A New Recruit for the Dark,Zombify a Villager with the Chant,eidolon:zombify,task,eidolon:villager_sacrifice,,Gnarl,INCLUDE,distinct authored native event (Q210),"default, no specialist theme",,,,
farmers_spell-1.0.5-1.20.1-all.jar,farmers_spell,farmers_spell:alchemist_pot,Brimming with Mana,Craft an Alchemist Pot to satisfy your magical cooking recipes,inventory_changed,task,farmers_spell:root,,,EXCLUDE,single-item acquisition tick (Q210),,,,,
farmers_spell-1.0.5-1.20.1-all.jar,farmers_spell,farmers_spell:amethyst_beetroot,A Hint of Grape,"Obtain an Amethyst Beetroot, a beautiful and firm ingredient",inventory_changed,task,farmers_spell:alchemist_pot,,,EXCLUDE,repetitive advancement family member (Q213),,,,,
farmers_spell-1.0.5-1.20.1-all.jar,farmers_spell,farmers_spell:amethyst_sugar,Crystal Clear Baking Syrup,"Obtain Amethyst Sugar, add it to baking to become immune to many harmful effects",inventory_changed,task,farmers_spell:amethyst_beetroot,,,EXCLUDE,single-item acquisition tick (Q210),,,,,
farmers_spell-1.0.5-1.20.1-all.jar,farmers_spell,farmers_spell:arcane_cocoa,Condensed Cream,Drink an Arcane Hot Cocoa,consume_item,task,farmers_spell:alchemist_pot,,Gristle,INCLUDE,distinct authored native event (Q210),event theme (Q212),,,,
farmers_spell-1.0.5-1.20.1-all.jar,farmers_spell,farmers_spell:blaze_scroll,Pyromancer Career Path,"Place a Blaze Scroll in the scroll slot, making your Alchemist Pot need no heat source",farmers_spell:blaze_scroll,task,farmers_spell:alchemist_pot,,Gristle,INCLUDE,distinct authored native event (Q210),source domain (Q212 fallback / Q214),,,,
farmers_spell-1.0.5-1.20.1-all.jar,farmers_spell,farmers_spell:blood_tofu,Coagulated Blood...,What is this... Blood Tofu,inventory_changed,task,farmers_spell:catacombs_wine,,Gristle,INCLUDE,distinct authored native event (Q210),source domain (Q212 fallback / Q214),,,,
farmers_spell-1.0.5-1.20.1-all.jar,farmers_spell,farmers_spell:butter,Invisible Wings,Witness a flying phantom fall into water or crash to the ground and turn into butter,inventory_changed,task,farmers_spell:alchemist_pot,,,EXCLUDE,repetitive advancement family member (Q213),,,,,
farmers_spell-1.0.5-1.20.1-all.jar,farmers_spell,farmers_spell:butter_hit,Not a Corn Thrower,Throw your butter at something...,farmers_spell:butter_hit,task,farmers_spell:butter,,Gristle,INCLUDE,distinct authored native event (Q210),event theme (Q212),,,,
farmers_spell-1.0.5-1.20.1-all.jar,farmers_spell,farmers_spell:catacombs_wine,Vintage Bloodline,Obtain Catacombs Wine,inventory_changed,task,farmers_spell:alchemist_pot,,,EXCLUDE,repetitive advancement family member (Q213),,,,,
farmers_spell-1.0.5-1.20.1-all.jar,farmers_spell,farmers_spell:chef_ratatouille,Chef Ratatouille,"Obtain the Foodgeist's secret seasoning, a delicious powder imbued with Gluttony magic",inventory_changed,task,farmers_spell:alchemist_pot,,,EXCLUDE,repetitive advancement family member (Q213),,,,,
farmers_spell-1.0.5-1.20.1-all.jar,farmers_spell,farmers_spell:drink_butterbeer,Hogsmeade Buzz,"Enjoy your weekend as a wizard, the divine power will favor you",consume_item,task,farmers_spell:butter,,Gristle,INCLUDE,distinct authored native event (Q210),source domain (Q212 fallback / Q214),,,,
farmers_spell-1.0.5-1.20.1-all.jar,farmers_spell,farmers_spell:energized_caramel,Thunder,Obtain Energized Caramel,inventory_changed,task,farmers_spell:alchemist_pot,,,EXCLUDE,repetitive advancement family member (Q213),,,,,
farmers_spell-1.0.5-1.20.1-all.jar,farmers_spell,farmers_spell:food_shaman,Food Shaman,"Satisfy ten Foodgeists, receive a dessert treasured by Foodgeists",farmers_spell:foodgeist_satisfied,task,farmers_spell:chef_ratatouille,,Gristle,INCLUDE,distinct authored native event (Q210),event theme (Q212),,,,
farmers_spell-1.0.5-1.20.1-all.jar,farmers_spell,farmers_spell:icebreaker_bread,Titantic Bread,"Obtain Icebreaker Bread, a cold feast",inventory_changed,challenge,farmers_spell:icy_egg,,Gristle,INCLUDE,challenge-frame milestone (Q210),event theme (Q212),,,,
farmers_spell-1.0.5-1.20.1-all.jar,farmers_spell,farmers_spell:icy_egg,Egg? Ovum? Fruit?,"Obtain an Icy Egg, like a spider egg, like an egg, like a fruit, eating it will give you a hard frost layer, strange",inventory_changed,task,farmers_spell:alchemist_pot,,,EXCLUDE,repetitive advancement family member (Q213),,,,,
farmers_spell-1.0.5-1.20.1-all.jar,farmers_spell,farmers_spell:ink_beer,The Taste of Magic Truth?,Perhaps it needs to be paired with rice dumplings...,consume_item,task,farmers_spell:arcane_cocoa,,Gristle,INCLUDE,distinct authored native event (Q210),source domain (Q212 fallback / Q214),,,,
farmers_spell-1.0.5-1.20.1-all.jar,farmers_spell,farmers_spell:paofu,Matthew's Trap,"Obtain Lightning Puff, it really improves your physical abilities",inventory_changed,task,farmers_spell:energized_caramel,,,EXCLUDE,single-item acquisition tick (Q210),,,,,
farmers_spell-1.0.5-1.20.1-all.jar,farmers_spell,farmers_spell:phantom_loot,"Wait, That's Important...",This is the power of HYPER! Provided the opponent is weak enough,farmers_spell:phantom_loot,goal,farmers_spell:root,,Gristle,INCLUDE,goal-frame milestone (Q210),source domain (Q212 fallback / Q214),,,,
farmers_spell-1.0.5-1.20.1-all.jar,farmers_spell,farmers_spell:root,Magical Cuisine,"Four arcane disciplines, yet a single pot of gluttonous feast",inventory_changed,task,,,Gristle,INCLUDE,domain entry milestone (Q210),event theme (Q212),,,,
forge-dungeonsdelight-1.20.1-1.3.0.jar,dungeonsdelight,dungeonsdelight:main/all_knife_mob_drops,Gastrocryptozoologist,Obtain all monster knife drops,inventory_changed,goal,dungeonsdelight:main/get_slime_noodles,YES,Gnarl,INCLUDE,completion significance (Q210),"default, no specialist theme",,,,
forge-dungeonsdelight-1.20.1-1.3.0.jar,dungeonsdelight,dungeonsdelight:main/all_monster_foods,The Privilege of The Living,Consume all monster foods and drinks... you monster,consume_item,challenge,dungeonsdelight:main/all_monster_effects,YES,Gristle,INCLUDE,completion significance (Q210),event theme (Q212),,,,
forge-dungeonsdelight-1.20.1-1.3.0.jar,dungeonsdelight,dungeonsdelight:main/break_bubblegunk,...And I'm All Out of Gum,"Fully consume a Bubblegunk, a sludge of rot that can decrease hunger",item_durability_changed,task,dungeonsdelight:main/eat_biteable_food,YES,Gnarl,INCLUDE,completion significance (Q210),"default, no specialist theme",,,,
forge-dungeonsdelight-1.20.1-1.3.0.jar,dungeonsdelight,dungeonsdelight:main/eat_biteable_food,Chewy!,Biteable foods will allow you to eat from it multiple times and refill it with specific items,consume_item,task,dungeonsdelight:main/eat_monster_food,,,EXCLUDE,"mechanic explanation, not an accomplishment (Q210)",,,,,
forge-dungeonsdelight-1.20.1-1.3.0.jar,dungeonsdelight,dungeonsdelight:main/eat_bloody_mary,Bloody Mary Challenge,Consume the disgusting concoction known as a bloody mary,consume_item,task,dungeonsdelight:main/eat_monster_food,,Gnarl,INCLUDE,distinct authored native event (Q210),"default, no specialist theme",,,,
forge-dungeonsdelight-1.20.1-1.3.0.jar,dungeonsdelight,dungeonsdelight:main/eat_ghastly_spirits,Fizzy Lifting Drink,"Consume a bottle of Ghastly Spirits, a drink that can help you quickly escape your enemies!",consume_item,task,dungeonsdelight:main/use_cleaver,,,EXCLUDE,"mechanic explanation, not an accomplishment (Q210)",,,,,
forge-dungeonsdelight-1.20.1-1.3.0.jar,dungeonsdelight,dungeonsdelight:main/eat_horse,How Hungry...?,Consume an entire horse alive using the voracity effect,player_killed_entity,challenge,dungeonsdelight:main/obtain_voracity,YES,Gnarl,INCLUDE,completion significance (Q210),"default, no specialist theme",,,,
forge-dungeonsdelight-1.20.1-1.3.0.jar,dungeonsdelight,dungeonsdelight:main/eat_monster_food,"Ah, Dungeon Food",Combine monsters and ingredients together to create your first monster food,consume_item,task,dungeonsdelight:main/place_monster_pot,,Gristle,INCLUDE,distinct authored native event (Q210),event theme (Q212),,,,
forge-dungeonsdelight-1.20.1-1.3.0.jar,dungeonsdelight,dungeonsdelight:main/eat_sculk_food,Paint the Town Blue,Sculk foods grant a varying amount of experience based on the amount of sculk ingredients,consume_item,task,dungeonsdelight:main/place_embedded_eggs,,,EXCLUDE,"mechanic explanation, not an accomplishment (Q210)",,,,,
forge-dungeonsdelight-1.20.1-1.3.0.jar,dungeonsdelight,dungeonsdelight:main/eat_sniffer_food,Is It Worth It?,Consume a Sniffer food... you monster,consume_item,task,dungeonsdelight:main/use_cleaver,,Gristle,INCLUDE,distinct authored native event (Q210),event theme (Q212),,,,
forge-dungeonsdelight-1.20.1-1.3.0.jar,dungeonsdelight,dungeonsdelight:main/feed_wormouth,Symbiosis,Feed a Wormouth and let it expel you a reward,dungeonsdelight:feed_wormouth,task,dungeonsdelight:main/eat_monster_food,,Gnarl,INCLUDE,distinct authored native event (Q210),"default, no specialist theme",,,,
forge-dungeonsdelight-1.20.1-1.3.0.jar,dungeonsdelight,dungeonsdelight:main/get_candied_sucker,Sweet Revenge!,Use an amethyst rock candy to imprison a Vex or Silverfish,inventory_changed,goal,dungeonsdelight:main/place_monster_pot,,Grubbison Jr,INCLUDE,goal-frame milestone (Q210),event theme (Q212),,,,
forge-dungeonsdelight-1.20.1-1.3.0.jar,dungeonsdelight,dungeonsdelight:main/get_netherite_cleaver,Cutlery of Apostasy,Upgrade your cleaver using netherite and prepare to slice and dice like a master chef,inventory_changed,challenge,dungeonsdelight:main/get_slime_noodles,YES,Giblet the Sixth,INCLUDE,completion significance (Q210),event theme (Q212),,,,
forge-dungeonsdelight-1.20.1-1.3.0.jar,dungeonsdelight,dungeonsdelight:main/get_sculk_polyp,Apple of the Earth,Cut a chunk of sculk into a sculk polyp,inventory_changed,task,dungeonsdelight:main/use_cleaver,,Gnarl,INCLUDE,distinct authored native event (Q210),"default, no specialist theme",,,,
forge-dungeonsdelight-1.20.1-1.3.0.jar,dungeonsdelight,dungeonsdelight:main/get_slime_noodles,Creepy Pasta,Cut a slab of slime into gooey noodles,inventory_changed,task,dungeonsdelight:main/use_cleaver,,Gnarl,INCLUDE,distinct authored native event (Q210),"default, no specialist theme",,,,
forge-dungeonsdelight-1.20.1-1.3.0.jar,dungeonsdelight,dungeonsdelight:main/get_stained_scrap,Heavy Metal,"Destroy a spawner to obtain a stained scrap, a piece of metal with lively capabilities",inventory_changed,goal,dungeonsdelight:main/root,,Gnarl,INCLUDE,goal-frame milestone (Q210),"default, no specialist theme",,,,
forge-dungeonsdelight-1.20.1-1.3.0.jar,dungeonsdelight,dungeonsdelight:main/get_stained_weapon,A Slice of Life,Obtain a Stained Knife or Stained Cleaver and grasp the life essence of foes to charge it.,inventory_changed,challenge,dungeonsdelight:main/get_stained_scrap,,Gnarl,INCLUDE,challenge-frame milestone (Q210),"default, no specialist theme",,,,
forge-dungeonsdelight-1.20.1-1.3.0.jar,dungeonsdelight,dungeonsdelight:main/obtain_burrow_gut,Eater of Worlds,"Silverfish foods will allow you to consume blocks by destroying them but only can eat monster foods, transforms the Haste effect",effects_changed,task,dungeonsdelight:main/obtain_pouncing,,,EXCLUDE,"mechanic explanation, not an accomplishment (Q210)",,,,,
forge-dungeonsdelight-1.20.1-1.3.0.jar,dungeonsdelight,dungeonsdelight:main/obtain_decisive,Chance Roll,"Stick held monster foods have a chance to land 1.75x critical hits, transforms the Strength effect",effects_changed,task,dungeonsdelight:main/get_candied_sucker,,,EXCLUDE,"mechanic explanation, not an accomplishment (Q210)",,,,,
forge-dungeonsdelight-1.20.1-1.3.0.jar,dungeonsdelight,dungeonsdelight:main/obtain_exudation,Evil Up,"Rot foods will make your absorption hearts take additional damage but explode on entities that hit you, transforms the Absorption effect",effects_changed,task,dungeonsdelight:main/place_rotbulb_crop,,Gristle,INCLUDE,distinct authored native event (Q210),event theme (Q212),,,,
forge-dungeonsdelight-1.20.1-1.3.0.jar,dungeonsdelight,dungeonsdelight:main/obtain_pouncing,Eye of The Spider,"Spider foods will allow you to climb and slide down blocks, transforms the Leaping effect",effects_changed,task,dungeonsdelight:main/eat_monster_food,,,EXCLUDE,"mechanic explanation, not an accomplishment (Q210)",,,,,
forge-dungeonsdelight-1.20.1-1.3.0.jar,dungeonsdelight,dungeonsdelight:main/obtain_tenacity,Struggler,"Bowled monster foods naturally heal based on how hungry you are, transforms the Comfort effect",effects_changed,task,dungeonsdelight:main/eat_monster_food,,,EXCLUDE,"mechanic explanation, not an accomplishment (Q210)",,,,,
forge-dungeonsdelight-1.20.1-1.3.0.jar,dungeonsdelight,dungeonsdelight:main/obtain_voracity,Don't Starve,"Plated monster foods will allow you to eat monsters alive but only can eat monster foods, transforms the Nourishment effect",effects_changed,task,dungeonsdelight:main/obtain_tenacity,,,EXCLUDE,"mechanic explanation, not an accomplishment (Q210)",,,,,
forge-dungeonsdelight-1.20.1-1.3.0.jar,dungeonsdelight,dungeonsdelight:main/place_dungeon_stove,"Uncaged, Unbound",Place down a dungeon stove which it's flame can heat a monster pot,placed_block,task,dungeonsdelight:main/get_stained_scrap,,,EXCLUDE,single-item acquisition tick (Q210),,,,,
forge-dungeonsdelight-1.20.1-1.3.0.jar,dungeonsdelight,dungeonsdelight:main/place_embedded_eggs,Won’t Take a Century,Combine eggs into a pile of sculk and let it fester,placed_block,task,dungeonsdelight:main/get_sculk_polyp,,Gnarl,INCLUDE,distinct authored native event (Q210),"default, no specialist theme",,,,
forge-dungeonsdelight-1.20.1-1.3.0.jar,dungeonsdelight,dungeonsdelight:main/place_monster_pot,Delicious in a Dungeon,Put down a Monster Pot and start preparing monstrous meals!,placed_block,goal,dungeonsdelight:main/root,,Gnarl,INCLUDE,goal-frame milestone (Q210),"default, no specialist theme",,,,
forge-dungeonsdelight-1.20.1-1.3.0.jar,dungeonsdelight,dungeonsdelight:main/place_rotbulb_crop,Corpsebloom,"Plant a rotbulbling, a disgusting plant that spells like death",placed_block,task,dungeonsdelight:main/root,,Mortis,INCLUDE,distinct authored native event (Q210),event theme (Q212),,,,
forge-dungeonsdelight-1.20.1-1.3.0.jar,dungeonsdelight,dungeonsdelight:main/root,Dungeon's Delight,A world of monsters await you!,inventory_changed,task,,,Gnarl,INCLUDE,domain entry milestone (Q210),"default, no specialist theme",,,,
forge-dungeonsdelight-1.20.1-1.3.0.jar,dungeonsdelight,dungeonsdelight:main/slime_food_not_consumed,Choking Hazard,Slime foods have a chance to bounce back out of your stomach and not be consumed,dungeonsdelight:slime_food,task,dungeonsdelight:main/get_slime_noodles,,,EXCLUDE,"mechanic explanation, not an accomplishment (Q210)",,,,,
forge-dungeonsdelight-1.20.1-1.3.0.jar,dungeonsdelight,dungeonsdelight:main/use_cleaver,Heaven Pierce Her,Throw a Cleaver to pierce and scavenge extra goods from foes,player_hurt_entity,task,dungeonsdelight:main/root,,Gnarl,INCLUDE,distinct authored native event (Q210),"default, no specialist theme",,,,
forge-dungeonsdelight-1.20.1-1.3.0.jar,dungeonsdelight,dungeonsdelight:main/use_gunk_arrow,Air Pollution,Shoot a Gunk Arrow at something,player_hurt_entity,task,dungeonsdelight:main/place_rotbulb_crop,,Gnarl,INCLUDE,distinct authored native event (Q210),"default, no specialist theme",,,,
forge-dungeonsdelight-1.20.1-1.3.0.jar,dungeonsdelight,dungeonsdelight:main/use_gunk_arrow_on_monster_yam,Septic Tank,Shoot a Gunk Arrow at a Monster Yam and have it's own horde attack it,player_hurt_entity,challenge,dungeonsdelight:main/use_gunk_arrow,,Gnarl,INCLUDE,challenge-frame milestone (Q210),"default, no specialist theme",,,,
gnumus_settlement_[Forge]1.20.1_v1.0.jar,gnumus,gnumus:antiquity_shard,Antiquity Shard,Get Vintage Metal,inventory_changed,task,gnumus:fatty_demon,,,EXCLUDE,single-item acquisition tick (Q210),,,,,
gnumus_settlement_[Forge]1.20.1_v1.0.jar,gnumus,gnumus:business_approach,Business Approach,Trade with Gnumus Merchant using Gnumus Doubloons or Pile of Gnumus Doubloons,impossible,task,gnumus:fatty_demon,,,EXCLUDE,repetitive advancement family member (Q213),,,,,
gnumus_settlement_[Forge]1.20.1_v1.0.jar,gnumus,gnumus:cheese_treat,Cheese Treat,Feed the Marsupial Mouse Gnumus Cheese,impossible,goal,gnumus:fatty_demon,,Gristle,INCLUDE,goal-frame milestone (Q210),event theme (Q212),,,,
gnumus_settlement_[Forge]1.20.1_v1.0.jar,gnumus,gnumus:fatty_demon,Fatty Demon,Kill Gnumus,impossible,task,,,Gnarl,INCLUDE,distinct authored native event (Q210),"default, no specialist theme",,,,
gnumus_settlement_[Forge]1.20.1_v1.0.jar,gnumus,gnumus:fragile_but_effective,Fragile But Effective,Craft a Gnumus Pickaxe or Gnumus Cutlass,impossible,task,gnumus:fatty_demon,,,EXCLUDE,repetitive advancement family member (Q213),,,,,
gnumus_settlement_[Forge]1.20.1_v1.0.jar,gnumus,gnumus:hearty_dish,Hearty Dish,Make a Hearty Dinner,impossible,goal,gnumus:plan_boar,,Gnarl,INCLUDE,goal-frame milestone (Q210),"default, no specialist theme",,,,
gnumus_settlement_[Forge]1.20.1_v1.0.jar,gnumus,gnumus:plan_boar,"Plan ""Boar""",Kill Big Snout,impossible,task,gnumus:fatty_demon,,,EXCLUDE,repetitive advancement family member (Q213),,,,,
gnumus_settlement_[Forge]1.20.1_v1.0.jar,gnumus,gnumus:sack_collector,Pouch Collector,Have all 3 types of Gnumus Pouch in your inventory,impossible,goal,gnumus:fatty_demon,YES,Gnarl,INCLUDE,completion significance (Q210),"default, no specialist theme",,,,
gnumus_settlement_[Forge]1.20.1_v1.0.jar,gnumus,gnumus:vasebreaker,Vasebreaker,Break the Fragile Gnumus Jug,impossible,task,gnumus:fatty_demon,,,EXCLUDE,repetitive advancement family member (Q213),,,,,
gnumus_settlement_[Forge]1.20.1_v1.0.jar,gnumus,gnumus:vintage_blacksmith,Vintage Blacksmith,Make Vintage Alloy Ingot,impossible,task,gnumus:antiquity_shard,,Giblet the Sixth,INCLUDE,distinct authored native event (Q210),event theme (Q212),,,,
gnumus_settlement_[Forge]1.20.1_v1.0.jar,gnumus,gnumus:vintage_improvement,Vintage Improvement,Upgrade your Gnumus Pickaxe or Gnumus Cutlass to vintage instruments,impossible,goal,gnumus:fragile_but_effective,,Grubbison Jr,INCLUDE,goal-frame milestone (Q210),event theme (Q212),,,,
gnumus_settlement_[Forge]1.20.1_v1.0.jar,gnumus,gnumus:vintage_rifleman,Vintage Rifleman,Get a Vintage Rifle,inventory_changed,goal,gnumus:vintage_blacksmith,,Gnarl,INCLUDE,goal-frame milestone (Q210),"default, no specialist theme",,,,
gnumus_settlement_[Forge]1.20.1_v1.0.jar,gnumus,gnumus:vintage_technology,Vintage Technology,Make a Vintage Universal Tool,impossible,goal,gnumus:vintage_blacksmith,,Gnarl,INCLUDE,goal-frame milestone (Q210),"default, no specialist theme",,,,
gnumus_settlement_[Forge]1.20.1_v1.0.jar,gnumus,gnumus:weight_loss_protection,Weight Loss Protection,Get the Gnumus Totem,inventory_changed,task,gnumus:fatty_demon,,,EXCLUDE,single-item acquisition tick (Q210),,,,,
gnumus_settlement_[Forge]1.20.1_v1.0.jar,gnumus,gnumus:wellfed_warrior,Well-fed Warrior,Get Gnumus Helmet,inventory_changed,goal,gnumus:vintage_blacksmith,,Gnarl,INCLUDE,goal-frame milestone (Q210),"default, no specialist theme",,,,
gnumus_settlement_[Forge]1.20.1_v1.0.jar,gnumus,gnumus:worthy_traders_hat,Worthy Trader's Hat,Get a Business Hat,inventory_changed,goal,gnumus:business_approach,,Gnarl,INCLUDE,goal-frame milestone (Q210),"default, no specialist theme",,,,
goblins_tyranny-1.2.3-forge-1.20.1.jar,goblins_tyranny,goblins_tyranny:bag_success,Mystery Bag,Open a bomb bag,impossible,goal,goblins_tyranny:engineer_success,,Gnarl,INCLUDE,goal-frame milestone (Q210),"default, no specialist theme",,,,
goblins_tyranny-1.2.3-forge-1.20.1.jar,goblins_tyranny,goblins_tyranny:barrel_success,Kinda Sus,Find a goblin in a barrel,impossible,challenge,goblins_tyranny:goblins_encounter_success,,Gnarl,INCLUDE,challenge-frame milestone (Q210),"default, no specialist theme",,,,
goblins_tyranny-1.2.3-forge-1.20.1.jar,goblins_tyranny,goblins_tyranny:blazing_liquor_success,This is Fine !,Drink your first blazing liquor,consume_item,goal,goblins_tyranny:liquor_success,,Gristle,INCLUDE,goal-frame milestone (Q210),event theme (Q212),,,,
goblins_tyranny-1.2.3-forge-1.20.1.jar,goblins_tyranny,goblins_tyranny:bomb_success,Bim Bam Boom !,Obtain a bomb,inventory_changed,task,goblins_tyranny:engineer_success,,,EXCLUDE,single-item acquisition tick (Q210),,,,,
goblins_tyranny-1.2.3-forge-1.20.1.jar,goblins_tyranny,goblins_tyranny:deadly_liquor_success,I Don't Feel so Good...,Drink your first deadly liquor,consume_item,goal,goblins_tyranny:liquor_success,,Gristle,INCLUDE,goal-frame milestone (Q210),event theme (Q212),,,,
goblins_tyranny-1.2.3-forge-1.20.1.jar,goblins_tyranny,goblins_tyranny:droblin_success,Best Slave Forever,Obtain a Droblin,inventory_changed,task,goblins_tyranny:engineer_success,,,EXCLUDE,single-item acquisition tick (Q210),,,,,
goblins_tyranny-1.2.3-forge-1.20.1.jar,goblins_tyranny,goblins_tyranny:engineer_success,This is Goblin Musk,Use the engineer workbench,impossible,task,goblins_tyranny:goblins_encounter_success,,,EXCLUDE,repetitive advancement family member (Q213),,,,,
goblins_tyranny-1.2.3-forge-1.20.1.jar,goblins_tyranny,goblins_tyranny:fire_success,It's Time for Marshmallow,Obtain a fire bomb,inventory_changed,task,goblins_tyranny:engineer_success,,,EXCLUDE,single-item acquisition tick (Q210),,,,,
goblins_tyranny-1.2.3-forge-1.20.1.jar,goblins_tyranny,goblins_tyranny:glitteron_armor_success,Everyone should Wear an Armor,Obtain an armor for your Glitteron,inventory_changed,goal,goblins_tyranny:glitteron_success,,Gnarl,INCLUDE,goal-frame milestone (Q210),"default, no specialist theme",,,,
goblins_tyranny-1.2.3-forge-1.20.1.jar,goblins_tyranny,goblins_tyranny:glitteron_success,A Bug's Life,Tame a Glitteron,impossible,task,goblins_tyranny:goblins_meat_success,,Gnarl,INCLUDE,distinct authored native event (Q210),"default, no specialist theme",,,,
goblins_tyranny-1.2.3-forge-1.20.1.jar,goblins_tyranny,goblins_tyranny:goblin_liquor_success,Sip by Sip,Drink your first goblin's liquor,consume_item,goal,goblins_tyranny:liquor_success,,Gristle,INCLUDE,goal-frame milestone (Q210),event theme (Q212),,,,
goblins_tyranny-1.2.3-forge-1.20.1.jar,goblins_tyranny,goblins_tyranny:goblins_disguise_success,Hiding Among Fools,Craft a disguise to blend in with the goblins,inventory_changed,goal,goblins_tyranny:goblins_encounter_success,,Gnarl,INCLUDE,goal-frame milestone (Q210),"default, no specialist theme",,,,
goblins_tyranny-1.2.3-forge-1.20.1.jar,goblins_tyranny,goblins_tyranny:goblins_encounter_success,Goblin's Tyranny,Find your first goblin's structure,impossible,task,,,Gnarl,INCLUDE,distinct authored native event (Q210),"default, no specialist theme",,,,
goblins_tyranny-1.2.3-forge-1.20.1.jar,goblins_tyranny,goblins_tyranny:goblins_meat_success,Goblin Eater,Try to eat goblin meat,consume_item,task,goblins_tyranny:goblins_slayer_success,,Gristle,INCLUDE,distinct authored native event (Q210),event theme (Q212),,,,
goblins_tyranny-1.2.3-forge-1.20.1.jar,goblins_tyranny,goblins_tyranny:goblins_slayer_success,Goblin Slayer,We do not come in peace,impossible,task,goblins_tyranny:goblins_encounter_success,,,EXCLUDE,repetitive advancement family member (Q213),,,,,
goblins_tyranny-1.2.3-forge-1.20.1.jar,goblins_tyranny,goblins_tyranny:liquor_success,My Eyes are Up Here !,Purchase some liquor from the bartender,impossible,task,goblins_tyranny:goblins_encounter_success,,,EXCLUDE,repetitive advancement family member (Q213),,,,,
goblins_tyranny-1.2.3-forge-1.20.1.jar,goblins_tyranny,goblins_tyranny:merchant_success,Have You Seen the Princess?,Purchase something from the merchant,impossible,task,goblins_tyranny:goblins_encounter_success,,,EXCLUDE,repetitive advancement family member (Q213),,,,,
goblins_tyranny-1.2.3-forge-1.20.1.jar,goblins_tyranny,goblins_tyranny:mushroom_success,Seeing a Rainbow Road ?,Give a mushroom stew to the merchant,impossible,challenge,goblins_tyranny:merchant_success,,Gristle,INCLUDE,challenge-frame milestone (Q210),event theme (Q212),,,,
goblins_tyranny-1.2.3-forge-1.20.1.jar,goblins_tyranny,goblins_tyranny:poison_success,Oh Right. The Poison.,Obtain a poison bomb,inventory_changed,task,goblins_tyranny:engineer_success,,,EXCLUDE,single-item acquisition tick (Q210),,,,,
goblins_tyranny-1.2.3-forge-1.20.1.jar,goblins_tyranny,goblins_tyranny:prototype_success,This is Mine Now,Obtain the goblin's prototype,inventory_changed,task,goblins_tyranny:goblins_encounter_success,,,EXCLUDE,single-item acquisition tick (Q210),,,,,
goblins_tyranny-1.2.3-forge-1.20.1.jar,goblins_tyranny,goblins_tyranny:skybound_success,To the Sky,Equip the full Skybound set,impossible,challenge,goblins_tyranny:upgrade_success,,Gnarl,INCLUDE,challenge-frame milestone (Q210),"default, no specialist theme",,,,
goblins_tyranny-1.2.3-forge-1.20.1.jar,goblins_tyranny,goblins_tyranny:upgrade_success,"Upgrades, People. Upgrades.",Upgrade the goblin's prototype,inventory_changed,task,goblins_tyranny:prototype_success,,Gnarl,INCLUDE,distinct authored native event (Q210),"default, no specialist theme",,,,
goblins_tyranny-1.2.3-forge-1.20.1.jar,goblins_tyranny,goblins_tyranny:wake_up_success,Do Not Disturb,Wake up a sleeping drunk goblin,impossible,challenge,goblins_tyranny:liquor_success,,Gnarl,INCLUDE,challenge-frame milestone (Q210),"default, no specialist theme",,,,
goblins_tyranny-1.2.3-forge-1.20.1.jar,goblins_tyranny,goblins_tyranny:wanderer_success,Trade Up and Take my Money !,Trade a gold coin with the wanderer goblin,impossible,task,goblins_tyranny:goblins_encounter_success,,,EXCLUDE,repetitive advancement family member (Q213),,,,,
guardvillagers-1.20.1-.jar,minecraft,minecraft:adventure/recruit_guard,"We Want You, as a New Recruit!",Give a sword to an unemployed villager to help defend the village,summoned_entity,task,minecraft:adventure/trade,,Gnarl,INCLUDE,distinct authored native event (Q210),"default, no specialist theme",,,,
hot_iron-1.0.4-forge-1.20.1.jar,hot_iron,hot_iron:local_smithery,Local Smithery,"Obtain a Smithing Anvil, a Smithing Hammer and Smithing Tongs",inventory_changed,task,minecraft:story/smelt_iron,,,EXCLUDE,single-item acquisition tick (Q210),,,,,
hot_iron-1.0.4-forge-1.20.1.jar,hot_iron,hot_iron:obtain_rock,Not a Boulder,Obtain a Rock,inventory_changed,task,minecraft:story/mine_stone,,,EXCLUDE,single-item acquisition tick (Q210),,,,,
hot_iron-1.0.4-forge-1.20.1.jar,minecraft,minecraft:story/iron_tools,advancements.story.iron_tools.title,advancements.story.iron_tools.description,inventory_changed,task,hot_iron:local_smithery,,Giblet the Sixth,INCLUDE,distinct authored native event (Q210),source domain (Q212 fallback / Q214),,,,
hot_iron-1.0.4-forge-1.20.1.jar,minecraft,minecraft:story/upgrade_tools,advancements.story.upgrade_tools.title,advancements.story.upgrade_tools.description,inventory_changed,task,hot_iron:obtain_rock,,Giblet the Sixth,INCLUDE,distinct authored native event (Q210),source domain (Q212 fallback / Q214),,,,
ice_and_fire_delight-forge-1.20.1-0.2.5.jar,ice_and_fire_delight,ice_and_fire_delight:almost_4_elements,Almost 4 elements,Eat special food,impossible,goal,ice_and_fire_delight:root,,Gristle,INCLUDE,goal-frame milestone (Q210),event theme (Q212),,,,
ice_and_fire_delight-forge-1.20.1-0.2.5.jar,ice_and_fire_delight,ice_and_fire_delight:center_of_weakness_adv,Center of Weakness,Become the center of weakness for those around you,impossible,task,ice_and_fire_delight:you_have_been_spotted,,Gristle,INCLUDE,distinct authored native event (Q210),source domain (Q212 fallback / Q214),,,,
ice_and_fire_delight-forge-1.20.1-0.2.5.jar,ice_and_fire_delight,ice_and_fire_delight:delicacy_adv,Delicacy!,Cook a heart with potatoes in mushroom sauce,inventory_changed,goal,ice_and_fire_delight:root,,Gristle,INCLUDE,goal-frame milestone (Q210),event theme (Q212),,,,
ice_and_fire_delight-forge-1.20.1-0.2.5.jar,ice_and_fire_delight,ice_and_fire_delight:dragon_minced_meat_adv,Not so great beast,Grind the dragon flesh,inventory_changed,goal,ice_and_fire_delight:root,,Gristle,INCLUDE,goal-frame milestone (Q210),source domain (Q212 fallback / Q214),,,,
ice_and_fire_delight-forge-1.20.1-0.2.5.jar,ice_and_fire_delight,ice_and_fire_delight:feel_like_a_dragon_adv,Feel like a dragon!,"Get the ""Dragon's Flight"" effect",impossible,goal,ice_and_fire_delight:almost_4_elements,,Gristle,INCLUDE,goal-frame milestone (Q210),source domain (Q212 fallback / Q214),,,,
ice_and_fire_delight-forge-1.20.1-0.2.5.jar,ice_and_fire_delight,ice_and_fire_delight:feel_spicy,Feel spicy,Eat spicy chips from shiny scales,consume_item,task,ice_and_fire_delight:root,,Gristle,INCLUDE,distinct authored native event (Q210),event theme (Q212),,,,
ice_and_fire_delight-forge-1.20.1-0.2.5.jar,ice_and_fire_delight,ice_and_fire_delight:feel_the_power_adv,Feel the power,Drink a Special Cocktail,consume_item,goal,ice_and_fire_delight:almost_4_elements,,Gristle,INCLUDE,goal-frame milestone (Q210),event theme (Q212),,,,
ice_and_fire_delight-forge-1.20.1-0.2.5.jar,ice_and_fire_delight,ice_and_fire_delight:kill_pixie,You are a monster!,Kill pixie,player_killed_entity,task,ice_and_fire_delight:root,,Gristle,INCLUDE,distinct authored native event (Q210),source domain (Q212 fallback / Q214),,,,
ice_and_fire_delight-forge-1.20.1-0.2.5.jar,ice_and_fire_delight,ice_and_fire_delight:power_of_three_dragons_adv,The Power of Three Dragons,"Get the ""Dragons's Might"" effect",impossible,goal,ice_and_fire_delight:almost_4_elements,,Gristle,INCLUDE,goal-frame milestone (Q210),source domain (Q212 fallback / Q214),,,,
ice_and_fire_delight-forge-1.20.1-0.2.5.jar,ice_and_fire_delight,ice_and_fire_delight:root,Ice and Fire Delight,Enter a world of magical dishes,tick,task,,,Gristle,INCLUDE,domain entry milestone (Q210),source domain (Q212 fallback / Q214),,,,
ice_and_fire_delight-forge-1.20.1-0.2.5.jar,ice_and_fire_delight,ice_and_fire_delight:you_have_been_spotted,You've been spotted,Cook a dish of cyclops eye,inventory_changed,goal,ice_and_fire_delight:root,,Gristle,INCLUDE,goal-frame milestone (Q210),event theme (Q212),,,,
iceandfire-2.1.13-1.20.1-beta-5.jar,iceandfire,iceandfire:iceandfire/bestiary,Book of Monsters,"Using 3 manuscripts found in dungeons, create a bestiary",inventory_changed,task,iceandfire:iceandfire/root,,Gnarl,INCLUDE,distinct authored native event (Q210),"default, no specialist theme",,,,
iceandfire-2.1.13-1.20.1-beta-5.jar,iceandfire,iceandfire:iceandfire/deathworm_egg,Paul Atreides,Obtain a death worm egg,inventory_changed,task,iceandfire:iceandfire/kill_deathworm,,,EXCLUDE,single-item acquisition tick (Q210),,,,,
iceandfire-2.1.13-1.20.1-beta-5.jar,iceandfire,iceandfire:iceandfire/dragon_egg,Mother of Dragons,Obtain a dragon egg,inventory_changed,task,iceandfire:iceandfire/kill_if_dragon,,,EXCLUDE,single-item acquisition tick (Q210),,,,,
iceandfire-2.1.13-1.20.1-beta-5.jar,iceandfire,iceandfire:iceandfire/dragon_flute,The Song of the Dragons,Craft a dragon flute to stop runaway dragons,inventory_changed,task,iceandfire:iceandfire/dragon_egg,,,EXCLUDE,single-item acquisition tick (Q210),,,,,
iceandfire-2.1.13-1.20.1-beta-5.jar,iceandfire,iceandfire:iceandfire/dragon_forge_brick,Another Brick in the Wall,Create a dragon forge brick,inventory_changed,task,iceandfire:iceandfire/kill_if_dragon,,Giblet the Sixth,INCLUDE,distinct authored native event (Q210),event theme (Q212),,,,
iceandfire-2.1.13-1.20.1-beta-5.jar,iceandfire,iceandfire:iceandfire/dragon_forge_core,The Heart and the Flame,Create a dragon forge core,inventory_changed,task,iceandfire:iceandfire/dragon_forge_brick,,Giblet the Sixth,INCLUDE,distinct authored native event (Q210),event theme (Q212),,,,
iceandfire-2.1.13-1.20.1-beta-5.jar,iceandfire,iceandfire:iceandfire/dragon_horn,An Ear-Shattering Roar,Craft a dragon horn to store dragons,inventory_changed,task,iceandfire:iceandfire/dragon_egg,,,EXCLUDE,single-item acquisition tick (Q210),,,,,
iceandfire-2.1.13-1.20.1-beta-5.jar,iceandfire,iceandfire:iceandfire/dragon_meal,Dragon Growth Hormone,Create Dragon Meal to rapidly grow baby dragons,inventory_changed,task,iceandfire:iceandfire/dragon_egg,,Gristle,INCLUDE,distinct authored native event (Q210),event theme (Q212),,,,
iceandfire-2.1.13-1.20.1-beta-5.jar,iceandfire,iceandfire:iceandfire/dragon_staff,Dragon Commander,Craft a dragon command staff to control your dragons,inventory_changed,task,iceandfire:iceandfire/dragon_egg,,,EXCLUDE,single-item acquisition tick (Q210),,,,,
iceandfire-2.1.13-1.20.1-beta-5.jar,iceandfire,iceandfire:iceandfire/dragonarmor,Suit Up,Obtain dragon armor,inventory_changed,task,iceandfire:iceandfire/dragon_egg,,,EXCLUDE,single-item acquisition tick (Q210),,,,,
iceandfire-2.1.13-1.20.1-beta-5.jar,iceandfire,iceandfire:iceandfire/dragonbone_flaming_sword,A Flaming Sword,"Create the legendary fire, ice or lightning dragon weapon",inventory_changed,task,iceandfire:iceandfire/dragonbone_tool,,Gnarl,INCLUDE,distinct authored native event (Q210),"default, no specialist theme",,,,
iceandfire-2.1.13-1.20.1-beta-5.jar,iceandfire,iceandfire:iceandfire/dragonbone_tool,Splintering II,Craft a tool made of dragon bone,inventory_changed,task,iceandfire:iceandfire/kill_if_dragon,,,EXCLUDE,single-item acquisition tick (Q210),,,,,
iceandfire-2.1.13-1.20.1-beta-5.jar,iceandfire,iceandfire:iceandfire/dragonsteel,Forged in Flame,Create a dragonsteel ingot from dragon blood and iron,inventory_changed,task,iceandfire:iceandfire/dragon_forge_core,,Giblet the Sixth,INCLUDE,distinct authored native event (Q210),event theme (Q212),,,,
iceandfire-2.1.13-1.20.1-beta-5.jar,iceandfire,iceandfire:iceandfire/dragonsteel_weapon,Draconic Evolution,Create a weapon from dragonsteel,inventory_changed,task,iceandfire:iceandfire/dragonsteel,,Gnarl,INCLUDE,distinct authored native event (Q210),"default, no specialist theme",,,,
iceandfire-2.1.13-1.20.1-beta-5.jar,iceandfire,iceandfire:iceandfire/gorgon_head,Clash of the Titans,"Obtain the gorgons head, a weapon that turns any who look at it to stone",inventory_changed,task,iceandfire:iceandfire/bestiary,,,EXCLUDE,single-item acquisition tick (Q210),,,,,
iceandfire-2.1.13-1.20.1-beta-5.jar,iceandfire,iceandfire:iceandfire/jar_pixie,Surfer Rosa,Trap a pixie in a jar to farm the dust,inventory_changed,task,iceandfire:iceandfire/tame_pixie,,Gristle,INCLUDE,distinct authored native event (Q210),event theme (Q212),,,,
iceandfire-2.1.13-1.20.1-beta-5.jar,iceandfire,iceandfire:iceandfire/kill_cyclops,My Name is Nobody,Defeat a cyclops,player_killed_entity,task,iceandfire:iceandfire/bestiary,,Gnarl,INCLUDE,major hostile encounter (Q210),"default, no specialist theme",,,,
iceandfire-2.1.13-1.20.1-beta-5.jar,iceandfire,iceandfire:iceandfire/kill_deathworm,The Desert Swimmers,Kill a death worm. Pro tip: they love to eat TNT!,player_killed_entity,task,iceandfire:iceandfire/bestiary,,,EXCLUDE,repetitive advancement family member (Q213),,,,,
iceandfire-2.1.13-1.20.1-beta-5.jar,iceandfire,iceandfire:iceandfire/kill_ghost,Who You Gonna Call?,Slay a ghost.,player_killed_entity,task,iceandfire:iceandfire/bestiary,,Gnarl,INCLUDE,major hostile encounter (Q210),"default, no specialist theme",,,,
iceandfire-2.1.13-1.20.1-beta-5.jar,iceandfire,iceandfire:iceandfire/kill_hydra,The Twelve Labors of Hercules,Slay a hydra.,player_killed_entity,task,iceandfire:iceandfire/bestiary,,Gnarl,INCLUDE,major hostile encounter (Q210),"default, no specialist theme",,,,
iceandfire-2.1.13-1.20.1-beta-5.jar,iceandfire,iceandfire:iceandfire/kill_if_dragon,Dragonslayer,"Kill an ice, fire or lightning dragon",player_killed_entity,task,iceandfire:iceandfire/bestiary,,,EXCLUDE,repetitive advancement family member (Q213),,,,,
iceandfire-2.1.13-1.20.1-beta-5.jar,iceandfire,iceandfire:iceandfire/kill_myrmex,The Only Good Bug...,Obtain myrmex chitin from a slain myrmex,inventory_changed,task,iceandfire:iceandfire/bestiary,,,EXCLUDE,single-item acquisition tick (Q210),,,,,
iceandfire-2.1.13-1.20.1-beta-5.jar,iceandfire,iceandfire:iceandfire/kill_sea_serpent,Sea? Not a Problem,Slay a sea serpent.,player_killed_entity,task,iceandfire:iceandfire/bestiary,,Gnarl,INCLUDE,major hostile encounter (Q210),"default, no specialist theme",,,,
iceandfire-2.1.13-1.20.1-beta-5.jar,iceandfire,iceandfire:iceandfire/kill_siren,Tie me to the Mast,Resist her song and kill a siren,player_killed_entity,task,iceandfire:iceandfire/bestiary,,,EXCLUDE,repetitive advancement family member (Q213),,,,,
iceandfire-2.1.13-1.20.1-beta-5.jar,iceandfire,iceandfire:iceandfire/kill_stymphalian_bird,Herc was on a Roll!,Kill a stymphalian bird,player_killed_entity,task,iceandfire:iceandfire/bestiary,,,EXCLUDE,repetitive advancement family member (Q213),,,,,
iceandfire-2.1.13-1.20.1-beta-5.jar,iceandfire,iceandfire:iceandfire/kill_troll,They Have a Cave Troll!,Kill a troll,player_killed_entity,task,iceandfire:iceandfire/bestiary,,,EXCLUDE,repetitive advancement family member (Q213),,,,,
iceandfire-2.1.13-1.20.1-beta-5.jar,iceandfire,iceandfire:iceandfire/lectern,Would you Like to Know More?,Craft a Bestiary Lectern to learn more about the world of Ice and Fire,inventory_changed,task,iceandfire:iceandfire/bestiary,,,EXCLUDE,single-item acquisition tick (Q210),,,,,
iceandfire-2.1.13-1.20.1-beta-5.jar,iceandfire,iceandfire:iceandfire/myrmex_resin,Its Like Printing my Own Money!,"Obtain myrmex resin, the currency of the myrmex",inventory_changed,task,iceandfire:iceandfire/kill_myrmex,,,EXCLUDE,single-item acquisition tick (Q210),,,,,
iceandfire-2.1.13-1.20.1-beta-5.jar,iceandfire,iceandfire:iceandfire/pixie_wand,Where Is My Mind?,Create the legendary pixie weapon,inventory_changed,task,iceandfire:iceandfire/tame_pixie,,Gnarl,INCLUDE,distinct authored native event (Q210),"default, no specialist theme",,,,
iceandfire-2.1.13-1.20.1-beta-5.jar,iceandfire,iceandfire:iceandfire/root,Ice and Fire,Enter a world of magical creatures,tick,task,,,Gnarl,INCLUDE,domain entry milestone (Q210),"default, no specialist theme",,,,
iceandfire-2.1.13-1.20.1-beta-5.jar,iceandfire,iceandfire:iceandfire/rotten_egg,Rotten to the Core,Obtain a rotten egg,inventory_changed,task,iceandfire:iceandfire/bestiary,,,EXCLUDE,single-item acquisition tick (Q210),,,,,
iceandfire-2.1.13-1.20.1-beta-5.jar,iceandfire,iceandfire:iceandfire/stymphalian_arrow,Flying Forwards,Craft an arrow from stymhalian bird feathers that flies further,inventory_changed,task,iceandfire:iceandfire/kill_stymphalian_bird,,,EXCLUDE,single-item acquisition tick (Q210),,,,,
iceandfire-2.1.13-1.20.1-beta-5.jar,iceandfire,iceandfire:iceandfire/tame_amphithere,Jungle Fliers,Tame a amphithere by shooting it down and riding it,tame_animal,task,iceandfire:iceandfire/bestiary,,Gnarl,INCLUDE,distinct authored native event (Q210),"default, no specialist theme",,,,
iceandfire-2.1.13-1.20.1-beta-5.jar,iceandfire,iceandfire:iceandfire/tame_cockatrice,Stay Out of my Peripheral!,Tame a cockatrice from an egg or by staring at it repeatedly,tame_animal,task,iceandfire:iceandfire/rotten_egg,,Gnarl,INCLUDE,distinct authored native event (Q210),"default, no specialist theme",,,,
iceandfire-2.1.13-1.20.1-beta-5.jar,iceandfire,iceandfire:iceandfire/tame_hippocampus,Free Willy,Tame a hippocampus by feeding it kelp,tame_animal,task,iceandfire:iceandfire/bestiary,,Gnarl,INCLUDE,distinct authored native event (Q210),"default, no specialist theme",,,,
iceandfire-2.1.13-1.20.1-beta-5.jar,iceandfire,iceandfire:iceandfire/tame_hippogryph,Buck Beak,Tame a hippogryph by dropping rabbit feet near it,tame_animal,task,iceandfire:iceandfire/bestiary,,Gnarl,INCLUDE,distinct authored native event (Q210),"default, no specialist theme",,,,
iceandfire-2.1.13-1.20.1-beta-5.jar,iceandfire,iceandfire:iceandfire/tame_pixie,Here Comes Your Man,Befriend a pixie by dropping cake near it,tame_animal,task,iceandfire:iceandfire/bestiary,,Gnarl,INCLUDE,distinct authored native event (Q210),"default, no specialist theme",,,,
iceandfire-2.1.13-1.20.1-beta-5.jar,iceandfire,iceandfire:iceandfire/use_tide_trident,"Poseidon, God of the Seas",Throw a tide trident at a mob,player_hurt_entity,task,iceandfire:iceandfire/kill_sea_serpent,,Gnarl,INCLUDE,distinct authored native event (Q210),"default, no specialist theme",,,,
irons_spellbooks-1.20.1-3.16.3.jar,irons_spellbooks,irons_spellbooks:irons_spellbooks/ink_legendary,Premium!,Acquire legendary ink.,inventory_changed,challenge,irons_spellbooks:irons_spellbooks/ink_root,,Gnarl,INCLUDE,challenge-frame milestone (Q210),"default, no specialist theme",,,,
irons_spellbooks-1.20.1-3.16.3.jar,irons_spellbooks,irons_spellbooks:irons_spellbooks/ink_root,Tools of the Trade,Acquire any type of ink.,inventory_changed,task,irons_spellbooks:irons_spellbooks/root,,Gnarl,INCLUDE,distinct authored native event (Q210),"default, no specialist theme",,,,
irons_spellbooks-1.20.1-3.16.3.jar,irons_spellbooks,irons_spellbooks:irons_spellbooks/make_arcane_anvil,It's Purple!,Craft an Arcane Anvil,inventory_changed,challenge,irons_spellbooks:irons_spellbooks/make_scroll_forge,,Giblet the Sixth,INCLUDE,challenge-frame milestone (Q210),event theme (Q212),,,,
irons_spellbooks-1.20.1-3.16.3.jar,irons_spellbooks,irons_spellbooks:irons_spellbooks/make_inscription_table,Quaint Scribe,Craft an Inscription Table,inventory_changed,task,irons_spellbooks:irons_spellbooks/root,,,EXCLUDE,single-item acquisition tick (Q210),,,,,
irons_spellbooks-1.20.1-3.16.3.jar,irons_spellbooks,irons_spellbooks:irons_spellbooks/make_scroll_forge,New Age Librarian,Craft a Scroll Forge,inventory_changed,goal,irons_spellbooks:irons_spellbooks/make_inscription_table,,Giblet the Sixth,INCLUDE,goal-frame milestone (Q210),event theme (Q212),,,,
irons_spellbooks-1.20.1-3.16.3.jar,irons_spellbooks,irons_spellbooks:irons_spellbooks/make_wayward_compass,And so a Quest Begins!,"Craft a wayward compass, and find out where it leads...",inventory_changed,goal,irons_spellbooks:irons_spellbooks/root,,Gnarl,INCLUDE,goal-frame milestone (Q210),"default, no specialist theme",,,,
irons_spellbooks-1.20.1-3.16.3.jar,irons_spellbooks,irons_spellbooks:irons_spellbooks/root,Iron's Spells 'n Spellbooks,There's more than meets the eye to this world...,inventory_changed,task,,,Gnarl,INCLUDE,domain entry milestone (Q210),"default, no specialist theme",,,,
irons_spellbooks-1.20.1-3.16.3.jar,irons_spellbooks,irons_spellbooks:irons_spellbooks/spell_book_blood,A piece of Yourself,Craft the Vampiric Spellbook,inventory_changed,challenge,irons_spellbooks:irons_spellbooks/spell_book_diamond,,Lestat,INCLUDE,challenge-frame milestone (Q210),event theme (Q212),,,,
irons_spellbooks-1.20.1-3.16.3.jar,irons_spellbooks,irons_spellbooks:irons_spellbooks/spell_book_diamond,Master Enchanter,Craft an Enchanted Spell Book.,inventory_changed,goal,irons_spellbooks:irons_spellbooks/spell_book_gold,YES,Gnarl,INCLUDE,completion significance (Q210),"default, no specialist theme",,,,
irons_spellbooks-1.20.1-3.16.3.jar,irons_spellbooks,irons_spellbooks:irons_spellbooks/spell_book_dragon,Elder Power,Craft the Dragonskin Spell Book.,inventory_changed,challenge,irons_spellbooks:irons_spellbooks/spell_book_diamond,,Gnarl,INCLUDE,challenge-frame milestone (Q210),"default, no specialist theme",,,,
irons_spellbooks-1.20.1-3.16.3.jar,irons_spellbooks,irons_spellbooks:irons_spellbooks/spell_book_equip,Magery,Equip a spell book.,curios:equip_curio,task,irons_spellbooks:irons_spellbooks/root,,Gnarl,INCLUDE,distinct authored native event (Q210),"default, no specialist theme",,,,
irons_spellbooks-1.20.1-3.16.3.jar,irons_spellbooks,irons_spellbooks:irons_spellbooks/spell_book_frostbranded,Cold to the Touch,Craft the Frostbranded Book,inventory_changed,challenge,irons_spellbooks:irons_spellbooks/spell_book_diamond,,Gnarl,INCLUDE,challenge-frame milestone (Q210),"default, no specialist theme",,,,
irons_spellbooks-1.20.1-3.16.3.jar,irons_spellbooks,irons_spellbooks:irons_spellbooks/spell_book_gold,Getting the Hang of It,Craft an Apprentice's Spell Book.,inventory_changed,task,irons_spellbooks:irons_spellbooks/spell_book_iron,,,EXCLUDE,single-item acquisition tick (Q210),,,,,
irons_spellbooks-1.20.1-3.16.3.jar,irons_spellbooks,irons_spellbooks:irons_spellbooks/spell_book_iron,Knowledge Unchained,Craft the Ironbound Tome.,inventory_changed,task,irons_spellbooks:irons_spellbooks/spell_book_equip,,,EXCLUDE,single-item acquisition tick (Q210),,,,,
irons_spellbooks-1.20.1-3.16.3.jar,irons_spellbooks,irons_spellbooks:irons_spellbooks/spell_book_netherite,Ancient Knowledge,Restore the Ancient Codex.,inventory_changed,challenge,irons_spellbooks:irons_spellbooks/spell_book_diamond,,Historian,INCLUDE,challenge-frame milestone (Q210),event theme (Q212),,,,
irons_spellbooks-1.20.1-3.16.3.jar,irons_spellbooks,irons_spellbooks:irons_spellbooks/staff_artificer,Quite the Walking Stick,Acquire an Artificer's Cane.,inventory_changed,task,irons_spellbooks:irons_spellbooks/staff_root,,Gnarl,INCLUDE,distinct authored native event (Q210),"default, no specialist theme",,,,
irons_spellbooks-1.20.1-3.16.3.jar,irons_spellbooks,irons_spellbooks:irons_spellbooks/staff_ice,Mournful Magic,Construct an Ice Staff.,inventory_changed,task,irons_spellbooks:irons_spellbooks/staff_root,,Gnarl,INCLUDE,distinct authored native event (Q210),"default, no specialist theme",,,,
irons_spellbooks-1.20.1-3.16.3.jar,irons_spellbooks,irons_spellbooks:irons_spellbooks/staff_lightning_rod,Shocking Discovery,Transform a Lightning Rod into a Rod O' Lightning... And hopefully survive the process.,inventory_changed,task,irons_spellbooks:irons_spellbooks/staff_root,,Gnarl,INCLUDE,distinct authored native event (Q210),"default, no specialist theme",,,,
irons_spellbooks-1.20.1-3.16.3.jar,irons_spellbooks,irons_spellbooks:irons_spellbooks/staff_pyrium,Ancient Beckonings,Forge a fiery staff from Pyrium,inventory_changed,challenge,irons_spellbooks:irons_spellbooks/staff_root,,Giblet the Sixth,INCLUDE,challenge-frame milestone (Q210),event theme (Q212),,,,
irons_spellbooks-1.20.1-3.16.3.jar,irons_spellbooks,irons_spellbooks:irons_spellbooks/staff_root,No Longer Short-Staffed,Acquire a Staff casting implement. Use to Cast!,inventory_changed,task,irons_spellbooks:irons_spellbooks/root,,Gnarl,INCLUDE,distinct authored native event (Q210),"default, no specialist theme",,,,
irons_spellbooks-1.20.1-3.16.3.jar,irons_spellbooks,irons_spellbooks:make_inscription_table,Quaint Scribe,Craft an Inscription Table,inventory_changed,goal,minecraft:story/mine_stone,,Historian,INCLUDE,goal-frame milestone (Q210),event theme (Q212),,,,
knightquest-forge-1.20.1-1.9.6.jar,knightquest,knightquest:knightquest,Knight Quest,The start of the journey,inventory_changed,task,,,Gnarl,INCLUDE,distinct authored native event (Q210),"default, no specialist theme",,,,
letsdo-bloomingnature-forge-1.0.12.jar,minecraft,minecraft:adventure/adventuring_time,advancements.adventure.adventuring_time.title,advancements.adventure.adventuring_time.description,location,challenge,minecraft:adventure/sleep_in_bed,,Gnarl,INCLUDE,challenge-frame milestone (Q210),"default, no specialist theme",,,,
mowziesmobs-1.8.2.jar,mowziesmobs,mowziesmobs:kill_bluff,Called Your Bluff,Kill a Bluff,player_killed_entity,task,mowziesmobs:root,,,EXCLUDE,repetitive advancement family member (Q213),,,,,
mowziesmobs-1.8.2.jar,mowziesmobs,mowziesmobs:kill_ferrous_wroughtnaut,Just a Flesh Wound,Kill a Ferrous Wroughtnaut,player_killed_entity,challenge,mowziesmobs:root,,Gnarl,INCLUDE,challenge-frame milestone (Q210),"default, no specialist theme",,,,
mowziesmobs-1.8.2.jar,mowziesmobs,mowziesmobs:kill_foliaath,Jennifer Dumped Me,Kill a Foliaath,player_killed_entity,task,mowziesmobs:root,,,EXCLUDE,repetitive advancement family member (Q213),,,,,
mowziesmobs-1.8.2.jar,mowziesmobs,mowziesmobs:kill_frostmaw,Rude Awakening,Kill a Frostmaw,player_killed_entity,challenge,mowziesmobs:root,,Gnarl,INCLUDE,challenge-frame milestone (Q210),"default, no specialist theme",,,,
mowziesmobs-1.8.2.jar,mowziesmobs,mowziesmobs:kill_grottol,You Monster...,Kill a Grottol,player_killed_entity,task,mowziesmobs:root,,,EXCLUDE,repetitive advancement family member (Q213),,,,,
mowziesmobs-1.8.2.jar,mowziesmobs,mowziesmobs:kill_naga,Wingin' It,Kill a Naga,player_killed_entity,task,mowziesmobs:root,,,EXCLUDE,repetitive advancement family member (Q213),,,,,
mowziesmobs-1.8.2.jar,mowziesmobs,mowziesmobs:kill_umvuthana_raptor,Masquerade,Kill an Umvuthana Raptor,player_killed_entity,task,mowziesmobs:root,,,EXCLUDE,repetitive advancement family member (Q213),,,,,
mowziesmobs-1.8.2.jar,mowziesmobs,mowziesmobs:kill_umvuthi,Praise the Sun,"Kill Umvuthi, the Sunbird",player_killed_entity,challenge,mowziesmobs:root,,Gnarl,INCLUDE,challenge-frame milestone (Q210),"default, no specialist theme",,,,
mowziesmobs-1.8.2.jar,mowziesmobs,mowziesmobs:root,Mowzie's Mobs,Welcome to Mowzie's Mobs!,tick,task,,,Gnarl,INCLUDE,domain entry milestone (Q210),"default, no specialist theme",,,,
mowziesmobs-1.8.2.jar,mowziesmobs,mowziesmobs:sculptor_challenge,You Must Believe,Complete the Sculptor's challenge,mowziesmobs:sculptor_challenge,challenge,mowziesmobs:root,YES,Gnarl,INCLUDE,completion significance (Q210),"default, no specialist theme",,,,
mowziesmobs-1.8.2.jar,mowziesmobs,mowziesmobs:sculptor_failure,No One Jumps for the Beef,Fall to your death during the Sculptor's challenge,mowziesmobs:sculptor_failure,task,mowziesmobs:sculptor_challenge,,Mortis,INCLUDE,distinct authored native event (Q210),event theme (Q212),,,,
netherdepthsupgrade-3.1.5-1.20.jar,netherdepthsupgrade,netherdepthsupgrade:main/abyssal_flora_expert,Abyssal Flora Expert,Obtain all Lava Plants from the depths,inventory_changed,challenge,netherdepthsupgrade:main/get_eyeball_fish,YES,Gnarl,INCLUDE,completion significance (Q210),"default, no specialist theme",,,,
netherdepthsupgrade-3.1.5-1.20.jar,netherdepthsupgrade,netherdepthsupgrade:main/craft_lava_fishing_rod,Peaceful.. Tidings?,Craft a Lava Fishing Rod and start your Lava Fishing journey,inventory_changed,task,netherdepthsupgrade:main/root,,,EXCLUDE,single-item acquisition tick (Q210),,,,,
netherdepthsupgrade-3.1.5-1.20.jar,netherdepthsupgrade,netherdepthsupgrade:main/filled_soulsucker_bucket,Cleaning!,Obtain a Soulsucker to clean your Lavaquarium,filled_bucket,task,netherdepthsupgrade:main/place_lava_glass,,Gnarl,INCLUDE,distinct authored native event (Q210),"default, no specialist theme",,,,
netherdepthsupgrade-3.1.5-1.20.jar,netherdepthsupgrade,netherdepthsupgrade:main/get_eyeball_fish,It's still looking at me!,Obtain an Eyeball Fish to explore the depths,inventory_changed,task,netherdepthsupgrade:main/root,,,EXCLUDE,single-item acquisition tick (Q210),,,,,
netherdepthsupgrade-3.1.5-1.20.jar,netherdepthsupgrade,netherdepthsupgrade:main/get_wet_lava_sponge,Sponges in the depths?,Obtain a Wet Lava Sponge down from the depths,inventory_changed,task,netherdepthsupgrade:main/get_eyeball_fish,,,EXCLUDE,single-item acquisition tick (Q210),,,,,
netherdepthsupgrade-3.1.5-1.20.jar,netherdepthsupgrade,netherdepthsupgrade:main/lava_fishing_master,Lava Fishing Master,Fish all the fish from the depths,fishing_rod_hooked,challenge,netherdepthsupgrade:main/craft_lava_fishing_rod,YES,Gnarl,INCLUDE,completion significance (Q210),"default, no specialist theme",,,,
netherdepthsupgrade-3.1.5-1.20.jar,netherdepthsupgrade,netherdepthsupgrade:main/place_lava_glass,Lavaquarium,Place down a Lava Glass block and start building your own Lavaquarium,placed_block,task,netherdepthsupgrade:main/root,,,EXCLUDE,single-item acquisition tick (Q210),,,,,
netherdepthsupgrade-3.1.5-1.20.jar,netherdepthsupgrade,netherdepthsupgrade:main/root,Nether Depths Upgrade,A whole new world awaits you below the depths!,changed_dimension,task,,YES,Gnarl,INCLUDE,completion significance (Q210),"default, no specialist theme",,,,
netherdepthsupgrade-3.1.5-1.20.jar,netherdepthsupgrade,netherdepthsupgrade:main/turn_wet_lava_sponge,Dry Lava Sponge?,Place a Wet Lava Sponge underwater to dry it,netherdepthsupgrade:placed_block,task,netherdepthsupgrade:main/get_wet_lava_sponge,,Gnarl,INCLUDE,distinct authored native event (Q210),"default, no specialist theme",,,,
overlord-depths-1.0.5-overlord.0.2.jar,fathoms,fathoms:nautical/absorb_pylon_shock,Electric Insulation,Wear a full set of Leather or Chainmail armor to absorb the shock of a Pylon,impossible,task,fathoms:nautical/enter_rocky_waters,YES,Historian,INCLUDE,completion significance (Q210),source domain (Q212 fallback / Q214),,,,
overlord-depths-1.0.5-overlord.0.2.jar,fathoms,fathoms:nautical/activate_conduit,Moskstraumen,Construct and activate a Conduit,effects_changed,challenge,fathoms:nautical/obtain_nautilus_shell,,Historian,INCLUDE,challenge-frame milestone (Q210),source domain (Q212 fallback / Q214),,,,
overlord-depths-1.0.5-overlord.0.2.jar,fathoms,fathoms:nautical/apply_jinx,The Monkey's Paw,Decipher a Tome at a Calligraphy Table using an Abnormal Ink Sac and then apply it to an item at an Anvil,inventory_changed,goal,fathoms:nautical/open_coffer,,Historian,INCLUDE,goal-frame milestone (Q210),event theme (Q212),,,,
overlord-depths-1.0.5-overlord.0.2.jar,fathoms,fathoms:nautical/calcify_augur,Rapid Calcification,Strike an Augur with lightning,channeled_lightning,challenge,minecraft:adventure/throw_trident,,Historian,INCLUDE,challenge-frame milestone (Q210),source domain (Q212 fallback / Q214),,,,
overlord-depths-1.0.5-overlord.0.2.jar,fathoms,fathoms:nautical/catch_aberration,Monsters Below Us,Catch an Aberration,fishing_rod_hooked,task,minecraft:husbandry/fishy_business,,Historian,INCLUDE,distinct authored native event (Q210),source domain (Q212 fallback / Q214),,,,
overlord-depths-1.0.5-overlord.0.2.jar,fathoms,fathoms:nautical/catch_all_fish,Ol' Mariner,Catch all fish from all around the world,fishing_rod_hooked,challenge,minecraft:husbandry/fishy_business,YES,Historian,INCLUDE,completion significance (Q210),source domain (Q212 fallback / Q214),,,,
overlord-depths-1.0.5-overlord.0.2.jar,fathoms,fathoms:nautical/create_kelpie,Transmogrification,Temporarily transform a Horse into a Kelpie using the Morph Steed ritual,impossible,goal,fathoms:nautical/perform_ritual,,Historian,INCLUDE,goal-frame milestone (Q210),source domain (Q212 fallback / Q214),,,,
overlord-depths-1.0.5-overlord.0.2.jar,fathoms,fathoms:nautical/cut_aberration,A Lot To Unpack Here,Butcher an Aberration at a Chopping Block... and probably wash your hands afterwards,impossible,task,fathoms:nautical/catch_aberration,,Gristle,INCLUDE,distinct authored native event (Q210),event theme (Q212),,,,
overlord-depths-1.0.5-overlord.0.2.jar,fathoms,fathoms:nautical/cut_fish,Off With Your Head!,Butcher a fish at a Chopping Block,impossible,task,minecraft:husbandry/fishy_business,,Gristle,INCLUDE,distinct authored native event (Q210),event theme (Q212),,,,
overlord-depths-1.0.5-overlord.0.2.jar,fathoms,fathoms:nautical/dredging_apparatus,Dredge the Depths,Construct and deploy a Dredging Apparatus and wait for it to latch onto an ancient treasure on the sea floor,impossible,task,fathoms:nautical/root,,Historian,INCLUDE,distinct authored native event (Q210),source domain (Q212 fallback / Q214),,,,
overlord-depths-1.0.5-overlord.0.2.jar,fathoms,fathoms:nautical/enter_rocky_waters,Storm Chaser,"Discover the Rocky Waters, treacherous sea of thunder and lightning",location,task,fathoms:nautical/open_message_in_a_bottle,,Historian,INCLUDE,place/structure discovery (Q210),source domain (Q212 fallback / Q214),,,,
overlord-depths-1.0.5-overlord.0.2.jar,fathoms,fathoms:nautical/feed_baby_turtle,Save the Turtles,Hatch a baby turtle and use Seagrass to help it grow,player_interacted_with_entity,task,fathoms:nautical/root,,Historian,INCLUDE,distinct authored native event (Q210),source domain (Q212 fallback / Q214),,,,
overlord-depths-1.0.5-overlord.0.2.jar,fathoms,fathoms:nautical/feed_dolphin,Treasure Hunter,Feed a fish to a Dolphin and follow it to a sunken structure,player_interacted_with_entity,task,fathoms:nautical/root,,Historian,INCLUDE,distinct authored native event (Q210),source domain (Q212 fallback / Q214),,,,
overlord-depths-1.0.5-overlord.0.2.jar,fathoms,fathoms:nautical/full_tell_tale_heart_trim_material,Oilman,Trim a full set of armor with Tell-Tale materials,inventory_changed,challenge,fathoms:nautical/cut_aberration,YES,Giblet the Sixth,INCLUDE,completion significance (Q210),event theme (Q212),,,,
overlord-depths-1.0.5-overlord.0.2.jar,fathoms,fathoms:nautical/obtain_all_sunken_scrawls,Vigenere mon Visionnaire,Collect all Sunken Scrawls,inventory_changed,goal,fathoms:nautical/open_message_in_a_bottle,YES,Historian,INCLUDE,completion significance (Q210),event theme (Q212),,,,
overlord-depths-1.0.5-overlord.0.2.jar,fathoms,fathoms:nautical/obtain_nautilus_shell,Extinct Enigma,"Obtain an ancient Nautilus Shell, a valuable crafting ingredient for oceanic constructs",inventory_changed,task,fathoms:nautical/root,,,EXCLUDE,single-item acquisition tick (Q210),,,,,
overlord-depths-1.0.5-overlord.0.2.jar,fathoms,fathoms:nautical/obtain_nautilus_siphon,Aquatic Automation,Construct a Nautilus Siphon to automatically ensnare fish,inventory_changed,task,fathoms:nautical/obtain_nautilus_shell,,Historian,INCLUDE,distinct authored native event (Q210),source domain (Q212 fallback / Q214),,,,
overlord-depths-1.0.5-overlord.0.2.jar,fathoms,fathoms:nautical/obtain_pylon,Bomb Squad,Safely pick up a Pylon by using Silk Touch or by dredging,inventory_changed,goal,fathoms:nautical/enter_rocky_waters,,Historian,INCLUDE,goal-frame milestone (Q210),source domain (Q212 fallback / Q214),,,,
overlord-depths-1.0.5-overlord.0.2.jar,fathoms,fathoms:nautical/obtain_turtle_shell,Turtle Power,Construct a Turtle Shell using 5 Turtle Scutes to help you breathe underwater,inventory_changed,goal,fathoms:nautical/feed_baby_turtle,,Historian,INCLUDE,goal-frame milestone (Q210),source domain (Q212 fallback / Q214),,,,
overlord-depths-1.0.5-overlord.0.2.jar,fathoms,fathoms:nautical/open_coffer,You Are a Pirate,Open a Coffer using a key found in the gut of a fish,impossible,task,fathoms:nautical/dredging_apparatus,,Historian,INCLUDE,distinct authored native event (Q210),source domain (Q212 fallback / Q214),,,,
overlord-depths-1.0.5-overlord.0.2.jar,fathoms,fathoms:nautical/open_message_in_a_bottle,Lost in Translation,Catch a Message in a Bottle and open it,impossible,task,fathoms:nautical/root,,Historian,INCLUDE,distinct authored native event (Q210),source domain (Q212 fallback / Q214),,,,
overlord-depths-1.0.5-overlord.0.2.jar,fathoms,fathoms:nautical/perform_enhanced_ritual,Return to Nature,Enhance the power of a ritual by including an Aberration in the sacrifice,impossible,task,fathoms:nautical/perform_ritual,,Historian,INCLUDE,distinct authored native event (Q210),source domain (Q212 fallback / Q214),,,,
overlord-depths-1.0.5-overlord.0.2.jar,fathoms,fathoms:nautical/perform_ritual,Weight of the World,"Follow instructions of a Sunken Scrawl, use a Sacrificial Knife to convey fish essence to an Aberration Idol and finally offer a Tell-Tale Heart",impossible,task,fathoms:nautical/dredging_apparatus,,Historian,INCLUDE,distinct authored native event (Q210),event theme (Q212),,,,
overlord-depths-1.0.5-overlord.0.2.jar,fathoms,fathoms:nautical/root,Nautical,"Dredge the depths, and seize the seas...",enter_block,task,,,Historian,INCLUDE,domain entry milestone (Q210),source domain (Q212 fallback / Q214),,,,
overlord-depths-1.0.5-overlord.0.2.jar,fathoms,fathoms:nautical/thaw_wishing_well,Frozen in Time,Find a way to break the frigid curse of the Wishing Well,impossible,goal,fathoms:nautical/open_coffer,,Historian,INCLUDE,goal-frame milestone (Q210),source domain (Q212 fallback / Q214),,,,
overlord-depths-1.0.5-overlord.0.2.jar,fathoms,fathoms:nautical/upgrade_ornate_tool,Former Glory,Reinforce an Ornate Tool using a Netherite Ingot,inventory_changed,goal,fathoms:nautical/open_coffer,,Giblet the Sixth,INCLUDE,goal-frame milestone (Q210),event theme (Q212),,,,
overlord-depths-1.0.5-overlord.0.2.jar,fathoms,fathoms:nautical/use_bait,"Hook, Line, and Sinker",Bait a Fishing Rod by casting it with bait in one hand,impossible,task,minecraft:husbandry/fishy_business,,Historian,INCLUDE,distinct authored native event (Q210),source domain (Q212 fallback / Q214),,,,
overlord-depths-1.0.5-overlord.0.2.jar,fathoms,fathoms:nautical/wax_fish,Mummification,Wax a fish on a Chopping Block to prevent it from being picked up or butchered,impossible,task,fathoms:nautical/cut_fish,,Gristle,INCLUDE,distinct authored native event (Q210),event theme (Q212),,,,
overlord-depths-1.0.5-overlord.0.2.jar,minecraft,minecraft:husbandry/fishy_business,advancements.husbandry.fishy_business.title,advancements.husbandry.fishy_business.description,fishing_rod_hooked,task,fathoms:nautical/root,,Historian,INCLUDE,distinct authored native event (Q210),source domain (Q212 fallback / Q214),,,,
pet_cemetery-1.20.1-2.0.0.jar,pet_cemetery,pet_cemetery:nether/cured_zombie_pet,Zombie Veterinarian,Weaken and then cure a Zombie pet,pet_cemetery:cured_zombie_pet,goal,pet_cemetery:nether/respawn_pet,,Mortis,INCLUDE,goal-frame milestone (Q210),source domain (Q212 fallback / Q214),,,,
pet_cemetery-1.20.1-2.0.0.jar,pet_cemetery,pet_cemetery:nether/respawn_pet,Frankenweenie,Respawn a pet using a Pet Collar at a Respawn Anchor,pet_cemetery:respawn_pet,task,minecraft:nether/charge_respawn_anchor,,Mortis,INCLUDE,distinct authored native event (Q210),event theme (Q212),,,,
pet_cemetery-1.20.1-2.0.0.jar,pet_cemetery,pet_cemetery:nether/respawn_zombie_pet,Grim Reaper,Respawn a Zombie pet as a Skeleton,pet_cemetery:respawn_pet,task,pet_cemetery:nether/respawn_pet,,Mortis,INCLUDE,distinct authored native event (Q210),event theme (Q212),,,,
realmrpg_seadwellers_2.9.9_forge_1.20.1.jar,seadwellers,seadwellers:adv_barter_aquamarine,Deepwater Deal,Do an aquamarine barter with mermorph,impossible,task,seadwellers:adv_barter_fish,,Gnarl,INCLUDE,distinct authored native event (Q210),"default, no specialist theme",,,,
realmrpg_seadwellers_2.9.9_forge_1.20.1.jar,seadwellers,seadwellers:adv_barter_fish,Nemo Aint Coming Home,Do a fish barter with mermorph,impossible,task,seadwellers:adv_root,,Gnarl,INCLUDE,distinct authored native event (Q210),"default, no specialist theme",,,,
realmrpg_seadwellers_2.9.9_forge_1.20.1.jar,seadwellers,seadwellers:adv_barter_nautilus,A Man of a Culture,Do a nautilus barter with collector mermorph,impossible,task,seadwellers:adv_barter_aquamarine,,Gnarl,INCLUDE,distinct authored native event (Q210),"default, no specialist theme",,,,
realmrpg_seadwellers_2.9.9_forge_1.20.1.jar,seadwellers,seadwellers:adv_break_sea_lantern,You Will Pay For It!,Enrage mermorphs by breaking one of their pretty lanterns,impossible,task,seadwellers:adv_root,,Gnarl,INCLUDE,distinct authored native event (Q210),"default, no specialist theme",,,,
realmrpg_seadwellers_2.9.9_forge_1.20.1.jar,seadwellers,seadwellers:adv_depth_ingot,Under Pressure,Create a depth ingot to upgrade golden equipment,inventory_changed,task,seadwellers:adv_root,,Giblet the Sixth,INCLUDE,distinct authored native event (Q210),event theme (Q212),,,,
realmrpg_seadwellers_2.9.9_forge_1.20.1.jar,seadwellers,seadwellers:adv_open_casket,Lucky Looter,Open a casket,impossible,task,seadwellers:adv_barter_fish,,Gnarl,INCLUDE,distinct authored native event (Q210),"default, no specialist theme",,,,
realmrpg_seadwellers_2.9.9_forge_1.20.1.jar,seadwellers,seadwellers:adv_root,Sea Dwellers,Enter a new world where oceans are not empty anymore...,tick,task,,,,EXCLUDE,polling detector (Q210),,,,,
realmrpg_seadwellers_2.9.9_forge_1.20.1.jar,seadwellers,seadwellers:adv_turn_villager_into_mermorph,Reverse Evolution,Turn a villager into a mermorph,impossible,task,seadwellers:adv_use_seashell,,Gnarl,INCLUDE,distinct authored native event (Q210),"default, no specialist theme",,,,
realmrpg_seadwellers_2.9.9_forge_1.20.1.jar,seadwellers,seadwellers:adv_use_seashell,You Shell Work,Change a mermorph profession,impossible,task,seadwellers:adv_root,,Gnarl,INCLUDE,distinct authored native event (Q210),"default, no specialist theme",,,,
rottencreatures-forge-1.20.1-1.1.0.jar,rottencreatures,rottencreatures:he_is_a_pirate,He's a Pirate!,Kill DeadBeard and take his Treasure!,inventory_changed;player_killed_entity,challenge,rottencreatures:root,,Gnarl,INCLUDE,challenge-frame milestone (Q210),"default, no specialist theme",,,,
rottencreatures-forge-1.20.1-1.1.0.jar,rottencreatures,rottencreatures:kill_all_rot,Purification!,Kill every type of Rotten Creature!,player_killed_entity,task,rottencreatures:root,YES,Gnarl,INCLUDE,completion significance (Q210),"default, no specialist theme",,,,
rottencreatures-forge-1.20.1-1.1.0.jar,rottencreatures,rottencreatures:mr_freeze,"Damn you, Batman, For forcing my hand",Brew a Freeze Potion,brewed_potion,task,rottencreatures:root,,Gnarl,INCLUDE,distinct authored native event (Q210),"default, no specialist theme",,,,
rottencreatures-forge-1.20.1-1.1.0.jar,rottencreatures,rottencreatures:root,Rotten to the Core,Encounter the decaying creatures of this world,player_killed_entity,task,,,Gnarl,INCLUDE,domain entry milestone (Q210),"default, no specialist theme",,,,
rottencreatures-forge-1.20.1-1.1.0.jar,rottencreatures,rottencreatures:shocking_encounter,High Tension,Kill an immortal,player_killed_entity,challenge,rottencreatures:root,,Gnarl,INCLUDE,challenge-frame milestone (Q210),"default, no specialist theme",,,,
savage_and_ravage-1.20.1-6.0.1.jar,savage_and_ravage,savage_and_ravage:adventure/creeper_spores,Creepie Crawly,Obtain Creeper Spores by killing a Creeper with an explosion,inventory_changed,task,minecraft:adventure/kill_a_mob,,,EXCLUDE,single-item acquisition tick (Q210),,,,,
savage_and_ravage-1.20.1-6.0.1.jar,savage_and_ravage,savage_and_ravage:adventure/griefer_armor,Dynamite with a Laser Beam,Collect a full set of Griefer armor,inventory_changed,challenge,savage_and_ravage:adventure/creeper_spores,YES,Gnarl,INCLUDE,completion significance (Q210),"default, no specialist theme",,,,
savage_and_ravage-1.20.1-6.0.1.jar,savage_and_ravage,savage_and_ravage:adventure/mask_of_dishonesty,A Little Tricking,Obtain a Mask of Dishonesty by killing a Trickster,inventory_changed,goal,minecraft:adventure/kill_a_mob,,Gnarl,INCLUDE,goal-frame milestone (Q210),"default, no specialist theme",,,,
savage_and_ravage-1.20.1-6.0.1.jar,savage_and_ravage,savage_and_ravage:adventure/relic_collector,Relic Collector,Obtain all magical Illager relics,inventory_changed,challenge,minecraft:adventure/totem_of_undying,YES,Historian,INCLUDE,completion significance (Q210),event theme (Q212),,,,
shieldexp-forge-1.20.1-1.3.7.jar,shieldexp,shieldexp:get_diamond_shield,Diamond is Unbreakable,Craft a Diamond Shield,inventory_changed,task,minecraft:story/deflect_arrow,,,EXCLUDE,single-item acquisition tick (Q210),,,,,
shieldexp-forge-1.20.1-1.3.7.jar,shieldexp,shieldexp:get_netherite_shield,Immovable Object,Craft a Netherite Shield,inventory_changed,task,shieldexp:get_diamond_shield,,,EXCLUDE,single-item acquisition tick (Q210),,,,,
supplementaries-1.20-3.1.43-forge.jar,supplementaries,supplementaries:adventure/way_sign,This Must be a Sign!,Follow me to find a village,location,task,minecraft:adventure/root,,Gnarl,INCLUDE,place/structure discovery (Q210),"default, no specialist theme",,,,
supplementaries-1.20-3.1.43-forge.jar,supplementaries,supplementaries:husbandry/wrench,Engineer Gaming,Use a Wrench to rotate a block,item_used_on_block,task,minecraft:husbandry/root,,Gnarl,INCLUDE,distinct authored native event (Q210),"default, no specialist theme",,,,
takesapillage-1.0.3-1.20.1.jar,takesapillage,takesapillage:bastille,"Eh-eh-oh, eh-oh",Locate a Bastille,location,task,takesapillage:root,,Gnarl,INCLUDE,place/structure discovery (Q210),"default, no specialist theme",,,,
takesapillage-1.0.3-1.20.1.jar,takesapillage,takesapillage:pillager_camp,Campfire Song Song,Locate a Pillager Camp,location,task,takesapillage:root,,Quaver,INCLUDE,place/structure discovery (Q210),event theme (Q212),,,,
tameablebeasts-1.20.1-7.1.3.jar,tameablebeasts,tameablebeasts:argentavis,Are There Hawks Too?,The agile Argentavis can be tame with Big Bird Bait when it is under 10 health.,tame_animal,goal,tameablebeasts:big_bird_bait,,Gnarl,INCLUDE,goal-frame milestone (Q210),"default, no specialist theme",,,,
tameablebeasts-1.20.1-7.1.3.jar,tameablebeasts,tameablebeasts:asphalt,Lets Build Some Roads,Asphalt some dirt so Roly Polies can have a better grip and thus more speed.,inventory_changed,task,tameablebeasts:roly_poly,,Gnarl,INCLUDE,distinct authored native event (Q210),"default, no specialist theme",,,,
tameablebeasts-1.20.1-7.1.3.jar,tameablebeasts,tameablebeasts:beetle_armor,Giving Netherite A Run For Its Money,Upgrade and your Diamond Armor set to a full set of Beetle Gem Armor.,inventory_changed,challenge,tameablebeasts:beetle_gem,YES,Giblet the Sixth,INCLUDE,completion significance (Q210),event theme (Q212),,,,
tameablebeasts-1.20.1-7.1.3.jar,tameablebeasts,tameablebeasts:beetle_elytra,Why Not Have Both?,Fuse you Beetle Gem Chestplate with Elytra.,inventory_changed,challenge,tameablebeasts:beetle_armor,,Gnarl,INCLUDE,challenge-frame milestone (Q210),"default, no specialist theme",,,,
tameablebeasts-1.20.1-7.1.3.jar,tameablebeasts,tameablebeasts:beetle_gem,Crystal Chimera,"Combine different kinds of crystals and bug pieces to create Beetle Gem, a material that holds a power similar to Netherite.",inventory_changed,task,tameablebeasts:brush_a_beast,,Giblet the Sixth,INCLUDE,distinct authored native event (Q210),event theme (Q212),,,,
tameablebeasts-1.20.1-7.1.3.jar,tameablebeasts,tameablebeasts:big_bird_bait,Lets Bait Some Birds,"Combine Iron Nuggets, some seeds and Quetzal Meat or Rotten Flesh into the ultimate big bird lure.",inventory_changed,task,tameablebeasts:root,,Gristle,INCLUDE,distinct authored native event (Q210),event theme (Q212),,,,
tameablebeasts-1.20.1-7.1.3.jar,tameablebeasts,tameablebeasts:big_iron_hoe,It's Not For Gardening,Give you Scarecrow Allay a Big Iron Hoe so it can defend itself better.,impossible,challenge,tameablebeasts:scarecrow_allay,,Gnarl,INCLUDE,challenge-frame milestone (Q210),"default, no specialist theme",,,,
tameablebeasts-1.20.1-7.1.3.jar,tameablebeasts,tameablebeasts:biker_helmet,Wear Protection,Roly Polies will go faster if they are sure you are protected with a Poly Biker Helmet.,inventory_changed,task,tameablebeasts:roly_poly,,Gnarl,INCLUDE,distinct authored native event (Q210),"default, no specialist theme",,,,
tameablebeasts-1.20.1-7.1.3.jar,tameablebeasts,tameablebeasts:bird_bait_arrow,Seed Bullet,Even better put some Big Bird Bait in arrows to try to tame some big birds without any health restrictions.,inventory_changed,task,tameablebeasts:big_bird_bait,,Gristle,INCLUDE,distinct authored native event (Q210),event theme (Q212),,,,
tameablebeasts-1.20.1-7.1.3.jar,tameablebeasts,tameablebeasts:brush_a_beast,Was Specting Ticks This Is Far Better,Well fed beasts got a higher chance of dropping some loot when brushed.,impossible,task,tameablebeasts:root,,Gnarl,INCLUDE,distinct authored native event (Q210),"default, no specialist theme",,,,
tameablebeasts-1.20.1-7.1.3.jar,tameablebeasts,tameablebeasts:bug_salad,"It's ""For Bugs"" Not ""Made Of"" Bugs","Craft a Bug Salad, exquisite giant bug cuisine.",inventory_changed,task,tameablebeasts:egg_rests,,,EXCLUDE,single-item acquisition tick (Q210),,,,,
tameablebeasts-1.20.1-7.1.3.jar,tameablebeasts,tameablebeasts:bug_sword,Stinger,"Craft a Bug Sword, while not stronger than an Iron Sword, it has potential for poisoning and bug summoning.",inventory_changed,task,tameablebeasts:brush_a_beast,,,EXCLUDE,single-item acquisition tick (Q210),,,,,
tameablebeasts-1.20.1-7.1.3.jar,tameablebeasts,tameablebeasts:chikote,Not A Chocobo,"The Chikotes, the tall cousins of the chickens submit under the sight of Big Bird Meat or Potatoes.",tame_animal,goal,tameablebeasts:big_bird_bait,,Gnarl,INCLUDE,goal-frame milestone (Q210),"default, no specialist theme",,,,
tameablebeasts-1.20.1-7.1.3.jar,tameablebeasts,tameablebeasts:crested_gecko,Now I Have To Build A Terrarium,Tame Crested Geckos by offering them some arthropod pieces.,tame_animal,goal,tameablebeasts:root,,Gnarl,INCLUDE,goal-frame milestone (Q210),"default, no specialist theme",,,,
tameablebeasts-1.20.1-7.1.3.jar,tameablebeasts,tameablebeasts:egg_rests,Not Making An Omelette With This One,Loot some Egg Rests from eggs you bred or you found on nests.,inventory_changed,task,tameablebeasts:root,,Gnarl,INCLUDE,distinct authored native event (Q210),"default, no specialist theme",,,,
tameablebeasts-1.20.1-7.1.3.jar,tameablebeasts,tameablebeasts:flying_helmet,Got A Bug In My Eye,Wear a Flying Helmet to protect your eyes so Quetzals won't limit their speed.,inventory_changed,task,tameablebeasts:quetzalcoatlus,,Gnarl,INCLUDE,distinct authored native event (Q210),"default, no specialist theme",,,,
tameablebeasts-1.20.1-7.1.3.jar,tameablebeasts,tameablebeasts:frozen_fish,Why is the fish not moving anymore?,Combine ice and fish into the ultimate teeth breaking snack.,inventory_changed,task,tameablebeasts:root,,Gnarl,INCLUDE,distinct authored native event (Q210),"default, no specialist theme",,,,
tameablebeasts-1.20.1-7.1.3.jar,tameablebeasts,tameablebeasts:fur_golem,Easter Is Saved,"Build a Fur Golem just as you would build an Ice Golem, but with fur, this gentle golem will keep you eggs warm.",impossible,task,tameablebeasts:racoon,,Gnarl,INCLUDE,distinct authored native event (Q210),"default, no specialist theme",,,,
tameablebeasts-1.20.1-7.1.3.jar,tameablebeasts,tameablebeasts:grapteranodon,Hey Just Like In Ark,"Ptera Meal when under 10 health is enough to tame the Grapteranodon, a fast pteranodon that can pick up other mobs.",tame_animal,goal,tameablebeasts:pteranodon_meal,,Gristle,INCLUDE,goal-frame milestone (Q210),event theme (Q212),,,,
tameablebeasts-1.20.1-7.1.3.jar,tameablebeasts,tameablebeasts:grasshopper,Ant Bully,Offer some salad to the Grasshoppers to tame them.,tame_animal,goal,tameablebeasts:bug_salad,,Gnarl,INCLUDE,goal-frame milestone (Q210),"default, no specialist theme",,,,
tameablebeasts-1.20.1-7.1.3.jar,tameablebeasts,tameablebeasts:ground_beetle,Armored Fella,"Beetles in general got a huge sweet tooth for honey related items, so much they could get tamed.",tame_animal,goal,tameablebeasts:root,,Gnarl,INCLUDE,goal-frame milestone (Q210),"default, no specialist theme",,,,
tameablebeasts-1.20.1-7.1.3.jar,tameablebeasts,tameablebeasts:ice_armor,Bring Me A Warden!,Equip a Penguin a full set of Ice Amor and two Icepops (don't actually bring him a Warden).,impossible,challenge,tameablebeasts:penguin,YES,Gnarl,INCLUDE,completion significance (Q210),"default, no specialist theme",,,,
tameablebeasts-1.20.1-7.1.3.jar,tameablebeasts,tameablebeasts:metal_beetle,Chrome Beetle,Feed enough Raw Iron to Ground Beetles for them to absorb their properties.,impossible,challenge,tameablebeasts:ground_beetle,,Gnarl,INCLUDE,challenge-frame milestone (Q210),"default, no specialist theme",,,,
tameablebeasts-1.20.1-7.1.3.jar,tameablebeasts,tameablebeasts:penguin,Ice Fish Bucket Challenge,It's a known fact that penguins love frozen fish to eat and popsicles to slaughter other beings. Right?,tame_animal,goal,tameablebeasts:frozen_fish,,Gristle,INCLUDE,goal-frame milestone (Q210),event theme (Q212),,,,
tameablebeasts-1.20.1-7.1.3.jar,tameablebeasts,tameablebeasts:ptera_meal_arrow,Meat Bullet,Even better put some Pteranodon Meal in arrows to try to tame some pteras without any health restrictions.,inventory_changed,task,tameablebeasts:pteranodon_meal,,Gristle,INCLUDE,distinct authored native event (Q210),event theme (Q212),,,,
tameablebeasts-1.20.1-7.1.3.jar,tameablebeasts,tameablebeasts:pteranodon_meal,You Sure You Want That Kind Of Attention?,"Combine fish, Chicken and Big Bird Meat into the ultimate pretanodon lure.",inventory_changed,task,tameablebeasts:root,,Gnarl,INCLUDE,distinct authored native event (Q210),"default, no specialist theme",,,,
tameablebeasts-1.20.1-7.1.3.jar,tameablebeasts,tameablebeasts:purple_allay,Different Kind Of Allay,"Find the shy Purple Allay, a rare drop from illagers that will fly to hide in you inventory.",inventory_changed,task,tameablebeasts:root,,Gnarl,INCLUDE,distinct authored native event (Q210),"default, no specialist theme",,,,
tameablebeasts-1.20.1-7.1.3.jar,tameablebeasts,tameablebeasts:quetzal_stand,Public Transport,Equip a Quetzal Stand on a Quetzal so that you can fly with up to 3 friends!.,impossible,challenge,tameablebeasts:quetzalcoatlus,,Gnarl,INCLUDE,challenge-frame milestone (Q210),"default, no specialist theme",,,,
tameablebeasts-1.20.1-7.1.3.jar,tameablebeasts,tameablebeasts:quetzalcoatlus,Is That A Cloud?,Spot the ginormous Quetzalcoatlus and tame it with Ptera Meal when it is under 10 health.,tame_animal,goal,tameablebeasts:pteranodon_meal,,Gristle,INCLUDE,goal-frame milestone (Q210),event theme (Q212),,,,
tameablebeasts-1.20.1-7.1.3.jar,tameablebeasts,tameablebeasts:racoon,Remember That Time You Stole My Food?,"Heard Racoons enjoy melon particularly, even more than whatever you got in your hand.",tame_animal,goal,tameablebeasts:root,,Gristle,INCLUDE,goal-frame milestone (Q210),event theme (Q212),,,,
tameablebeasts-1.20.1-7.1.3.jar,tameablebeasts,tameablebeasts:roly_poly,Ball,"Tame a salad loving, usually rolling, fast moving Roly Poly.",tame_animal,goal,tameablebeasts:bug_salad,,Gnarl,INCLUDE,goal-frame milestone (Q210),"default, no specialist theme",,,,
tameablebeasts-1.20.1-7.1.3.jar,tameablebeasts,tameablebeasts:root,Tameable Beasts,Thanks for donwloading Tameable Beasts! Go tame some beasts.,tick,task,,,Gnarl,INCLUDE,domain entry milestone (Q210),"default, no specialist theme",,,,
tameablebeasts-1.20.1-7.1.3.jar,tameablebeasts,tameablebeasts:scarecrow_allay,Allay In Disguise,"A Scarecrow Block sounds like the perfect cover for the Purple Allays to roam confidently. Once you get it in it, interact with the Scarecrow Allay to tame it!",tame_animal,goal,tameablebeasts:purple_allay,,Gnarl,INCLUDE,goal-frame milestone (Q210),"default, no specialist theme",,,,
tameablebeasts-1.20.1-7.1.3.jar,tameablebeasts,tameablebeasts:shiny_beetle,Flying Fella,"Beetles in general got a huge sweet tooth for honey related items, so much they could get tamed.",tame_animal,goal,tameablebeasts:root,,Gnarl,INCLUDE,goal-frame milestone (Q210),"default, no specialist theme",,,,
the-conjurer-1.20.1-1.1.6.jar,conjurer_illager,conjurer_illager:find_theatre,It's Showtime,Locate a theater,location,task,minecraft:adventure/root,,Gnarl,INCLUDE,place/structure discovery (Q210),"default, no specialist theme",,,,
the-conjurer-1.20.1-1.1.6.jar,conjurer_illager,conjurer_illager:kill_conjurer,What a Performance!,Stop the show and slay the Conjurer,player_killed_entity,challenge,conjurer_illager:find_theatre,,Gnarl,INCLUDE,challenge-frame milestone (Q210),"default, no specialist theme",,,,
the_bumblezone-7.13.4+1.20.1-forge.jar,the_bumblezone,the_bumblezone:armor/bumble_bee_chestplate_max_flight,It's a Bird! It's a Plane! No it's...,Buzz your wings with the Bumble Bee Chestplate while 3 or more other Bee Armor or Bee Trinkets are on!,the_bumblezone:bumble_bee_chestplate_max_flight,task,the_bumblezone:armor/honey_bee_leggings_pollen_removal,,Gnarl,INCLUDE,distinct authored native event (Q210),"default, no specialist theme",,,,
the_bumblezone-7.13.4+1.20.1-forge.jar,the_bumblezone,the_bumblezone:armor/carpenter_bee_boots_mined_blocks,Power Thighs!,"Crouch and burrow your way through 64 blocks such as logs, leaves, or combs with Carpenter Bees boots!",the_bumblezone:carpenter_bee_boots_mined_blocks,task,the_bumblezone:armor/carpenter_bee_boots_wall_hanging,,Gnarl,INCLUDE,distinct authored native event (Q210),"default, no specialist theme",,,,
the_bumblezone-7.13.4+1.20.1-forge.jar,the_bumblezone,the_bumblezone:armor/carpenter_bee_boots_wall_hanging,Floor is lava!,"With Carpenter Bee Boots, spend a lot of time hanging from walls of certain blocks like logs, leaves, or combs",the_bumblezone:carpenter_bee_boots_wall_hanging,task,the_bumblezone:armor/stingless_bee_helmet_super_sight,,Gnarl,INCLUDE,distinct authored native event (Q210),"default, no specialist theme",,,,
the_bumblezone-7.13.4+1.20.1-forge.jar,the_bumblezone,the_bumblezone:armor/craft_flower_headwear,BE A FLOWER!,Craft or obtain a Flower Headwear! Wear it to attract bees!,inventory_changed;recipe_crafted,task,the_bumblezone:effects/beenergized_maxed,,Gnarl,INCLUDE,distinct authored native event (Q210),"default, no specialist theme",,,,
the_bumblezone-7.13.4+1.20.1-forge.jar,the_bumblezone,the_bumblezone:armor/dye_flower_headwear,It's a statement!,Dye Flower Headwear a different color to show off your bold fashion tastes!,recipe_crafted,task,the_bumblezone:armor/craft_flower_headwear,,,EXCLUDE,"mechanic explanation, not an accomplishment (Q210)",,,,,
the_bumblezone-7.13.4+1.20.1-forge.jar,the_bumblezone,the_bumblezone:armor/flower_headwear_wrath_structure,Beeing Curious,Enter a Cell Maze structure while wearing Flower Headwear. You won't get Wrath effect anymore inside it!,the_bumblezone:flower_headwear_wrath_structure,task,the_bumblezone:armor/dye_flower_headwear,,Gnarl,INCLUDE,distinct authored native event (Q210),"default, no specialist theme",,,,
the_bumblezone-7.13.4+1.20.1-forge.jar,the_bumblezone,the_bumblezone:armor/honey_bee_leggings_flower_pollen,It's the Bee's Knees!,Collect pollen on your Honey Bee Leggings by walking or running through flowers!,the_bumblezone:honey_bee_leggings_flower_pollen,task,the_bumblezone:armor/warrior_bee,,Gnarl,INCLUDE,distinct authored native event (Q210),"default, no specialist theme",,,,
the_bumblezone-7.13.4+1.20.1-forge.jar,the_bumblezone,the_bumblezone:armor/honey_bee_leggings_pollen_removal,Bathing time!,Remove the pollen from your Honey Bee Leggings by walking on Wet Sponge or going into Water!,the_bumblezone:honey_bee_leggings_pollen_removal,task,the_bumblezone:armor/honey_bee_leggings_flower_pollen,,Gnarl,INCLUDE,distinct authored native event (Q210),"default, no specialist theme",,,,
the_bumblezone-7.13.4+1.20.1-forge.jar,the_bumblezone,the_bumblezone:armor/stingless_bee_helmet_super_sight,Compound Eyes,"With the power of Stingless Bee Helmet, highlight at least 50 bees all at once!",the_bumblezone:stingless_bee_helmet_super_sight,task,the_bumblezone:armor/bumble_bee_chestplate_max_flight,YES,Gnarl,INCLUDE,completion significance (Q210),"default, no specialist theme",,,,
the_bumblezone-7.13.4+1.20.1-forge.jar,the_bumblezone,the_bumblezone:armor/warrior_bee,The Bee Warrior Rises!,Equip yourself with the greatest weapon and armor that the bees have to offer!,inventory_changed,challenge,the_bumblezone:effects/beenergized_maxed,,Gnarl,INCLUDE,challenge-frame milestone (Q210),"default, no specialist theme",,,,
the_bumblezone-7.13.4+1.20.1-forge.jar,the_bumblezone,the_bumblezone:beds/sleep_in_bed,Sweeter Dreams!,Sleep in a bed in Bumblezone dimension. The bed will set respawn point and won't explode!,slept_in_bed,task,the_bumblezone:teleportation/teleport_out_of_bumblezone,,Mortis,INCLUDE,distinct authored native event (Q210),event theme (Q212),,,,
the_bumblezone-7.13.4+1.20.1-forge.jar,the_bumblezone,the_bumblezone:beehemoth/queen_beehemoth,Regal Friends Till The Very End!,Befriend a Beehemoth to maximum friendship!,the_bumblezone:created_queen_beehemoth,challenge,the_bumblezone:beehemoth/tamed_beehemoth,,Gnarl,INCLUDE,challenge-frame milestone (Q210),"default, no specialist theme",,,,
the_bumblezone-7.13.4+1.20.1-forge.jar,the_bumblezone,the_bumblezone:beehemoth/tamed_beehemoth,Bee Movie But It's 300% Larger,Tame a Beehemoth with buckets of honey! Saddle it afterwards to have a flying mount!,tame_animal,task,the_bumblezone:honey_bucket/obtain_honey_bucket,,Gnarl,INCLUDE,distinct authored native event (Q210),"default, no specialist theme",,,,
the_bumblezone-7.13.4+1.20.1-forge.jar,the_bumblezone,the_bumblezone:bees/variant_bee_briefcase_capture,Bee Collector,Collect 14 Variant Bees into a Buzzing Briefcase! Does not need to be different variants.,the_bumblezone:variant_bee_briefcase_capture,task,the_bumblezone:bees/variant_bee_name,,,EXCLUDE,"mechanic explanation, not an accomplishment (Q210)",,,,,
the_bumblezone-7.13.4+1.20.1-forge.jar,the_bumblezone,the_bumblezone:bees/variant_bee_name,A Shiny Found!,Give a name to a Bumblezone's Variant Bee with a Name Tag! Looks like a Bee but different look!,player_interacted_with_entity,task,the_bumblezone:effects/honey_permission,,Gnarl,INCLUDE,distinct authored native event (Q210),"default, no specialist theme",,,,
the_bumblezone-7.13.4+1.20.1-forge.jar,the_bumblezone,the_bumblezone:biomes/discover_all_biomes,Beeography,Wow! You found all biomes that Bumblezone has!,location,challenge,the_bumblezone:music_discs/obtain_all_music_discs,YES,Gnarl,INCLUDE,completion significance (Q210),"default, no specialist theme",,,,
the_bumblezone-7.13.4+1.20.1-forge.jar,the_bumblezone,the_bumblezone:candles/light_soul_super_candle,Setting the mood,Make a Super Candle or Potion Candle have a blue flame! Might have something to do with souls...,the_bumblezone:light_soul_potion_candle,task,the_bumblezone:candles/obtain_all_colored_super_candles,,,EXCLUDE,"mechanic explanation, not an accomplishment (Q210)",,,,,
the_bumblezone-7.13.4+1.20.1-forge.jar,the_bumblezone,the_bumblezone:candles/multi_potion_potion_candle,Magic the Candling,Craft a Potion Candle using 2 or more potions! (The candle's stats be a mix of the potion's stats),recipe_crafted,task,the_bumblezone:candles/light_soul_super_candle,,,EXCLUDE,single-item acquisition tick (Q210),,,,,
the_bumblezone-7.13.4+1.20.1-forge.jar,the_bumblezone,the_bumblezone:candles/obtain_all_colored_super_candles,Over the Rainbow!,Collect all colors of Super Candles!,inventory_changed,task,the_bumblezone:effects/beenergized_maxed,YES,Gnarl,INCLUDE,completion significance (Q210),"default, no specialist theme",,,,
the_bumblezone-7.13.4+1.20.1-forge.jar,the_bumblezone,the_bumblezone:candles/projectile_light_instant_potion_candle,Activated my trap candle!,Light a harmful instant effect Potion Candle with a flaming projectile,the_bumblezone:projectile_light_instant_potion_candle,task,the_bumblezone:candles/multi_potion_potion_candle,,Gnarl,INCLUDE,distinct authored native event (Q210),"default, no specialist theme",,,,
the_bumblezone-7.13.4+1.20.1-forge.jar,the_bumblezone,the_bumblezone:combs_and_wax/carve_ancient_wax,Perfecting Design,Carve any Ancient Wax block! Use a Shear or Sword to do so!,the_bumblezone:carve_wax,task,the_bumblezone:combs_and_wax/carve_carvable_wax,,Gristle,INCLUDE,distinct authored native event (Q210),event theme (Q212),,,,
the_bumblezone-7.13.4+1.20.1-forge.jar,the_bumblezone,the_bumblezone:combs_and_wax/carve_carvable_wax,Bold and Brash!,Carve all artworks on Carvable Wax block! Use a Shear or Sword to do so!,the_bumblezone:carve_wax,task,the_bumblezone:effects/beenergized_maxed,YES,Gristle,INCLUDE,completion significance (Q210),event theme (Q212),,,,
the_bumblezone-7.13.4+1.20.1-forge.jar,the_bumblezone,the_bumblezone:combs_and_wax/carve_luminescent_wax,Proper Orientation,Carve any Luminescent Wax block! Use a Shear or Sword to do so!,the_bumblezone:carve_wax,task,the_bumblezone:combs_and_wax/carve_ancient_wax,,Gristle,INCLUDE,distinct authored native event (Q210),event theme (Q212),,,,
the_bumblezone-7.13.4+1.20.1-forge.jar,the_bumblezone,the_bumblezone:combs_and_wax/comb_cutter_extra_drops,Collecting More Rent From Bees,Collect extra drops from Beehive/Bee Nests with a Comb Cutter tool,the_bumblezone:comb_cutter_extra_drops,task,the_bumblezone:combs_and_wax/craft_beeswax_to_beehive,,Gnarl,INCLUDE,distinct authored native event (Q210),"default, no specialist theme",,,,
the_bumblezone-7.13.4+1.20.1-forge.jar,the_bumblezone,the_bumblezone:combs_and_wax/comb_cutter_tool,Beeswax Ninja,Get a tool with Comb Cutter enchantment to carve through wax quickly!,inventory_changed,task,the_bumblezone:teleportation/teleport_out_of_bumblezone,,,EXCLUDE,single-item acquisition tick (Q210),,,,,
the_bumblezone-7.13.4+1.20.1-forge.jar,the_bumblezone,the_bumblezone:combs_and_wax/craft_beeswax_to_beehive,It's Free Real Estate! (For Bees),Craft a Bee Nest from Beehive Beeswax,recipe_crafted,task,the_bumblezone:combs_and_wax/comb_cutter_tool,,,EXCLUDE,single-item acquisition tick (Q210),,,,,
the_bumblezone-7.13.4+1.20.1-forge.jar,the_bumblezone,the_bumblezone:combs_and_wax/honey_cocoon_silk_touch,A Delicate Touch,Find a way to gently mine a Honey Cocoon without spilling items everywhere!,the_bumblezone:honey_cocoon_silk_touch,task,the_bumblezone:combs_and_wax/comb_cutter_extra_drops,,Grubbison Jr,INCLUDE,distinct authored native event (Q210),event theme (Q212),,,,
the_bumblezone-7.13.4+1.20.1-forge.jar,the_bumblezone,the_bumblezone:crystalline_flower/enchant_crystalline_flower,Choosing Wisely,Enchant a Book or Enchanted Book with an Enchantment that costs 5 tiers or more. (Right click Crystalline Flower to open UI),the_bumblezone:enchant_crystalline_flower,task,the_bumblezone:crystalline_flower/grow_crystalline_flower,,Gnarl,INCLUDE,distinct authored native event (Q210),"default, no specialist theme",,,,
the_bumblezone-7.13.4+1.20.1-forge.jar,the_bumblezone,the_bumblezone:crystalline_flower/grow_crystalline_flower,CONSUME CONSUME CONSUME,Give items and experience to a Crystalline Flower until it is fully grown! (Right click Crystalline Flower to open UI),the_bumblezone:grow_crystalline_flower,task,the_bumblezone:structures/enter_garden,,Gnarl,INCLUDE,distinct authored native event (Q210),"default, no specialist theme",,,,
the_bumblezone-7.13.4+1.20.1-forge.jar,the_bumblezone,the_bumblezone:decor/craft_string_curtain_recipe,The Late 60s Strikes Back!,Craft any String Curtain!,recipe_crafted,task,the_bumblezone:effects/beenergized_maxed,,,EXCLUDE,single-item acquisition tick (Q210),,,,,
the_bumblezone-7.13.4+1.20.1-forge.jar,the_bumblezone,the_bumblezone:decor/extend_string_curtains,Bee-Blocking Walls,Extend a curtain downward by right clicking with Strings! Blocks bees too!,the_bumblezone:extend_string_curtain,task,the_bumblezone:decor/obtain_all_string_curtains,,Gnarl,INCLUDE,distinct authored native event (Q210),"default, no specialist theme",,,,
the_bumblezone-7.13.4+1.20.1-forge.jar,the_bumblezone,the_bumblezone:decor/obtain_all_banner_patterns,Fashion Fad!,Wow! You collected all Bumblezone's Banner Pattern items!,inventory_changed,challenge,the_bumblezone:music_discs/obtain_all_music_discs,YES,Gnarl,INCLUDE,completion significance (Q210),"default, no specialist theme",,,,
the_bumblezone-7.13.4+1.20.1-forge.jar,the_bumblezone,the_bumblezone:decor/obtain_all_string_curtains,Rainbow Curtains!!!,Collect all the colors of String Curtains by using dyes in the recipe,inventory_changed,task,the_bumblezone:decor/craft_string_curtain_recipe,YES,Gristle,INCLUDE,completion significance (Q210),event theme (Q212),,,,
the_bumblezone-7.13.4+1.20.1-forge.jar,the_bumblezone,the_bumblezone:dirt_pellet/dirt_pellet_kill_phantom,Sky Smackdown,Kill a Phantom with thrown Dirt Pellets,player_killed_entity,task,the_bumblezone:dirt_pellet/dirt_pellet_return_to_sender,,Gnarl,INCLUDE,distinct authored native event (Q210),"default, no specialist theme",,,,
the_bumblezone-7.13.4+1.20.1-forge.jar,the_bumblezone,the_bumblezone:dirt_pellet/dirt_pellet_return_to_sender,A Dirty Return,Smack a Dirt Pellet back to a Rootmin,player_hurt_entity,task,the_bumblezone:rootmin/rootmin_flower_swap,,Gnarl,INCLUDE,distinct authored native event (Q210),"default, no specialist theme",,,,
the_bumblezone-7.13.4+1.20.1-forge.jar,the_bumblezone,the_bumblezone:effects/bee_hit_wrath_of_the_hive,NOT THE BEEEEEES!!!,Make the mistake of attacking a bee while under the Wrath of the Hive effect,the_bumblezone:bee_hit_wrath_of_the_hive,task,the_bumblezone:effects/protection_of_the_hive_defense,,Gnarl,INCLUDE,distinct authored native event (Q210),"default, no specialist theme",,,,
the_bumblezone-7.13.4+1.20.1-forge.jar,the_bumblezone,the_bumblezone:effects/beenergized_maxed,Speedy Buzzy Bees!,Feed Bee Bread to Bees until they are maximum speed! Zoom! Perhaps can be made from honey and pollen...,the_bumblezone:beenergized_maxed,task,the_bumblezone:effects/food_removed_wrath_of_the_hive,,Gristle,INCLUDE,distinct authored native event (Q210),event theme (Q212),,,,
the_bumblezone-7.13.4+1.20.1-forge.jar,the_bumblezone,the_bumblezone:effects/brew_bee_soup,Brewing Danger,Brew a Potion of Neurotoxin! Perhaps Bee Soup could be refined in Brewing Stands...,brewed_potion,task,the_bumblezone:effects/consume_bee_soup,,Gristle,INCLUDE,distinct authored native event (Q210),event theme (Q212),,,,
the_bumblezone-7.13.4+1.20.1-forge.jar,the_bumblezone,the_bumblezone:effects/brew_bee_stinger,Concentrated Toxins,Brew a Potion of Long Poison! Perhaps Bee Stingers could be refined in Brewing Stands...,brewed_potion,task,the_bumblezone:tools/bee_stinger_paralysis,,Gnarl,INCLUDE,distinct authored native event (Q210),"default, no specialist theme",,,,
the_bumblezone-7.13.4+1.20.1-forge.jar,the_bumblezone,the_bumblezone:effects/brew_glistering_honey_crystal_block,Cheating Chances!,Brew a Potion of Luck! Perhaps a Glistering Honey Crystal block can help...,brewed_potion,task,the_bumblezone:honey_crystal/obtain_glistering_honey_crystal_block,,Gnarl,INCLUDE,distinct authored native event (Q210),"default, no specialist theme",,,,
the_bumblezone-7.13.4+1.20.1-forge.jar,the_bumblezone,the_bumblezone:effects/consume_bee_soup,A Stingy Delicacy,Slurp up some Bee Soup for wild status effects!,consume_item,task,the_bumblezone:combs_and_wax/comb_cutter_extra_drops,,Gristle,INCLUDE,distinct authored native event (Q210),event theme (Q212),,,,
the_bumblezone-7.13.4+1.20.1-forge.jar,the_bumblezone,the_bumblezone:effects/food_removed_wrath_of_the_hive,A Honey Offering Of Peace,Appease the angry swarm of bees with food... if you can survive...,the_bumblezone:food_removed_wrath_of_the_hive,task,the_bumblezone:effects/bee_hit_wrath_of_the_hive,,Gristle,INCLUDE,distinct authored native event (Q210),event theme (Q212),,,,
the_bumblezone-7.13.4+1.20.1-forge.jar,the_bumblezone,the_bumblezone:effects/getting_protection,Winning Favors,Feed a Honeycomb Brood Block or a Bee until you get Protection of the Hive effect!,the_bumblezone:getting_protection,task,the_bumblezone:teleportation/teleport_out_of_bumblezone,,Gnarl,INCLUDE,distinct authored native event (Q210),"default, no specialist theme",,,,
the_bumblezone-7.13.4+1.20.1-forge.jar,the_bumblezone,the_bumblezone:effects/honey_permission,No more Wrath! Only friendship!,"While Protection of the Hive effect is on, collect honey from Filled Porous Honeycomb Block or mine a Honey Block.",the_bumblezone:honey_permission,task,the_bumblezone:effects/getting_protection,,Grubbison Jr,INCLUDE,distinct authored native event (Q210),event theme (Q212),,,,
the_bumblezone-7.13.4+1.20.1-forge.jar,the_bumblezone,the_bumblezone:effects/protection_of_the_hive_defense,BEHOLD! My Bees!,Unleash bees onto whoever was unfortunate to attack you while you have Protection of the Hive effect,the_bumblezone:protection_of_the_hive_defense,task,the_bumblezone:effects/honey_permission,,Gnarl,INCLUDE,distinct authored native event (Q210),"default, no specialist theme",,,,
the_bumblezone-7.13.4+1.20.1-forge.jar,the_bumblezone,the_bumblezone:essence/bee_essence_infusion,"Hope, Love, Dreams, and BEES!!!",Consume an Essence of the Bees! Congratulations on beating Queen's Desire quest!,consume_item,challenge,the_bumblezone:structures/enter_throne_pillar,,Gnarl,INCLUDE,challenge-frame milestone (Q210),"default, no specialist theme",,,,
the_bumblezone-7.13.4+1.20.1-forge.jar,the_bumblezone,the_bumblezone:essence/essence_calming,Peace and Love,Defeat the Blue Sempiternal Sanctum special event!,the_bumblezone:essence_event_reward,challenge,the_bumblezone:essence/essence_knowing,,Gnarl,INCLUDE,challenge-frame milestone (Q210),"default, no specialist theme",,,,
the_bumblezone-7.13.4+1.20.1-forge.jar,the_bumblezone,the_bumblezone:essence/essence_continuity,Reality Glitch,Defeat the White Sempiternal Sanctum special event!,the_bumblezone:essence_event_reward,challenge,the_bumblezone:essence/essence_radiance,,Gnarl,INCLUDE,challenge-frame milestone (Q210),"default, no specialist theme",,,,
the_bumblezone-7.13.4+1.20.1-forge.jar,the_bumblezone,the_bumblezone:essence/essence_knowing,The All-Seeing,Defeat the Purple Sempiternal Sanctum special event!,the_bumblezone:essence_event_reward,challenge,the_bumblezone:essence/essence_raging,YES,Gnarl,INCLUDE,completion significance (Q210),"default, no specialist theme",,,,
the_bumblezone-7.13.4+1.20.1-forge.jar,the_bumblezone,the_bumblezone:essence/essence_life,Blessings of Life,Defeat the Green Sempiternal Sanctum special event!,the_bumblezone:essence_event_reward,challenge,the_bumblezone:essence/essence_calming,,Gnarl,INCLUDE,challenge-frame milestone (Q210),"default, no specialist theme",,,,
the_bumblezone-7.13.4+1.20.1-forge.jar,the_bumblezone,the_bumblezone:essence/essence_radiance,Solar Powered,Defeat the Yellow Sempiternal Sanctum special event!,the_bumblezone:essence_event_reward,challenge,the_bumblezone:essence/essence_life,,Gnarl,INCLUDE,challenge-frame milestone (Q210),"default, no specialist theme",,,,
the_bumblezone-7.13.4+1.20.1-forge.jar,the_bumblezone,the_bumblezone:essence/essence_raging,Unstoppable Anger,Defeat the Red Sempiternal Sanctum special event!,the_bumblezone:essence_event_reward,challenge,the_bumblezone:structures/enter_sempiternal_sanctum,,Gnarl,INCLUDE,challenge-frame milestone (Q210),"default, no specialist theme",,,,
the_bumblezone-7.13.4+1.20.1-forge.jar,the_bumblezone,the_bumblezone:honey_bucket/drink_royal_jelly_bottle,Gaining Royal Powers,Consume a Royal Jelly Bottle and become empowered! (Obtained from Bee Queen's advancement line),consume_item,task,the_bumblezone:structures/enter_throne_pillar,,Gnarl,INCLUDE,distinct authored native event (Q210),"default, no specialist theme",,,,
the_bumblezone-7.13.4+1.20.1-forge.jar,the_bumblezone,the_bumblezone:honey_bucket/honey_bucket_bee_grow,Quick To Grow Up!,Make a baby bee grow up instantly when fed,the_bumblezone:honey_bucket_bee_grow,task,the_bumblezone:honey_bucket/honey_bucket_bee_love,,Gnarl,INCLUDE,distinct authored native event (Q210),"default, no specialist theme",,,,
the_bumblezone-7.13.4+1.20.1-forge.jar,the_bumblezone,the_bumblezone:honey_bucket/honey_bucket_bee_love,Love Is A-Buzzing!,Use Honey Bucket to make a group of adult Bees be in love!,the_bumblezone:honey_bucket_bee_love,task,the_bumblezone:honey_bucket/obtain_honey_bucket,,Gnarl,INCLUDE,distinct authored native event (Q210),"default, no specialist theme",,,,
the_bumblezone-7.13.4+1.20.1-forge.jar,the_bumblezone,the_bumblezone:honey_bucket/honey_bucket_brood,Bee Farmer,Grow bee larva in certain brood blocks with Honey Buckets,the_bumblezone:honey_bucket_brood,task,the_bumblezone:honey_bucket/honey_bucket_bee_grow,,Gnarl,INCLUDE,distinct authored native event (Q210),"default, no specialist theme",,,,
the_bumblezone-7.13.4+1.20.1-forge.jar,the_bumblezone,the_bumblezone:honey_bucket/obtain_honey_bucket,MOAR HONEEEEY!!!,Get a Bucket of Honey!,inventory_changed,task,the_bumblezone:teleportation/teleport_out_of_bumblezone,,,EXCLUDE,single-item acquisition tick (Q210),,,,,
the_bumblezone-7.13.4+1.20.1-forge.jar,the_bumblezone,the_bumblezone:honey_bucket/obtain_royal_jelly_bucket,Masterful Collector,Obtain a bucket of Royal Jelly. Seems the Bee Queen would love some...,inventory_changed,task,the_bumblezone:honey_bucket/drink_royal_jelly_bottle,,,EXCLUDE,single-item acquisition tick (Q210),,,,,
the_bumblezone-7.13.4+1.20.1-forge.jar,the_bumblezone,the_bumblezone:honey_bucket/royal_jelly_block_piston,PULL! NO PUSH!,Place a block of Royal Jelly next to a Sticky Piston,the_bumblezone:royal_jelly_block_piston,task,the_bumblezone:honey_bucket/obtain_royal_jelly_bucket,,Gnarl,INCLUDE,distinct authored native event (Q210),"default, no specialist theme",,,,
the_bumblezone-7.13.4+1.20.1-forge.jar,the_bumblezone,the_bumblezone:honey_crystal/cleanup_honey_web,Clean Freak!,Wash away a web of honey with a web sponge!,the_bumblezone:cleanup_honey_web,task,the_bumblezone:honey_crystal/cleanup_sticky_honey_residue,,Gnarl,INCLUDE,distinct authored native event (Q210),"default, no specialist theme",,,,
the_bumblezone-7.13.4+1.20.1-forge.jar,the_bumblezone,the_bumblezone:honey_crystal/cleanup_sticky_honey_residue,A Stickier Situation!,"Cleanup a sticky residue or web mess of honey with a Wet Sponge, Water Bucket, or Water Bottle",the_bumblezone:cleanup_sticky_honey_residue,task,the_bumblezone:honey_crystal/obtain_sticky_honey_redstone,,Gnarl,INCLUDE,distinct authored native event (Q210),"default, no specialist theme",,,,
the_bumblezone-7.13.4+1.20.1-forge.jar,the_bumblezone,the_bumblezone:honey_crystal/consume_honey_crystal_shards,Teeth Shattering Snacks,Bite into a hard shard of Honey Crystal,consume_item,task,the_bumblezone:effects/beenergized_maxed,,Gnarl,INCLUDE,distinct authored native event (Q210),"default, no specialist theme",,,,
the_bumblezone-7.13.4+1.20.1-forge.jar,the_bumblezone,the_bumblezone:honey_crystal/obtain_glistering_honey_crystal_block,Let there be light!,Obtain Glistering Honey Crystal block as an item without breaking it. Might require a gentle touch...,inventory_changed,task,the_bumblezone:honey_crystal/obtain_honey_crystal_block,,,EXCLUDE,single-item acquisition tick (Q210),,,,,
the_bumblezone-7.13.4+1.20.1-forge.jar,the_bumblezone,the_bumblezone:honey_crystal/obtain_honey_crystal_block,A Beeutiful Crystal!,Figure out how to obtain the fragile Honey Crystal block as an item. Perhaps a delicate touch...,inventory_changed,task,the_bumblezone:honey_crystal/consume_honey_crystal_shards,,Gnarl,INCLUDE,distinct authored native event (Q210),"default, no specialist theme",,,,
the_bumblezone-7.13.4+1.20.1-forge.jar,the_bumblezone,the_bumblezone:honey_crystal/obtain_sticky_honey_redstone,Thinking With Honey!,Combine a sticky residue of honey with Redstone,inventory_changed,task,the_bumblezone:honey_crystal/obtain_sticky_honey_residue,,Gnarl,INCLUDE,distinct authored native event (Q210),"default, no specialist theme",,,,
the_bumblezone-7.13.4+1.20.1-forge.jar,the_bumblezone,the_bumblezone:honey_crystal/obtain_sticky_honey_residue,Honey Recycler,Repurpose honey items by smelting them down,inventory_changed,task,the_bumblezone:honey_crystal/consume_honey_crystal_shards,,Gnarl,INCLUDE,distinct authored native event (Q210),"default, no specialist theme",,,,
the_bumblezone-7.13.4+1.20.1-forge.jar,the_bumblezone,the_bumblezone:honey_crystal/trigger_redstone_honey_web,The Power Of Sticky!,Generate Redstone power from a special web of honey,the_bumblezone:trigger_redstone_honey_web,task,the_bumblezone:honey_crystal/cleanup_honey_web,,Gnarl,INCLUDE,distinct authored native event (Q210),"default, no specialist theme",,,,
the_bumblezone-7.13.4+1.20.1-forge.jar,the_bumblezone,the_bumblezone:honey_crystal_shield/honey_crystal_shield_block_ineffectively,Unblockable Offense Won!,Find one of the weaknesses of Honey Crystal Shields other than Axes,the_bumblezone:honey_crystal_shield_block_ineffectively,task,the_bumblezone:honey_crystal_shield/obtain_honey_crystal_shield,,Gnarl,INCLUDE,distinct authored native event (Q210),"default, no specialist theme",,,,
the_bumblezone-7.13.4+1.20.1-forge.jar,the_bumblezone,the_bumblezone:honey_crystal_shield/obtain_honey_crystal_shield,An Unbeeatable Defense!,Craft or find a shield made of honey crystals,inventory_changed,task,the_bumblezone:armor/warrior_bee,,,EXCLUDE,single-item acquisition tick (Q210),,,,,
the_bumblezone-7.13.4+1.20.1-forge.jar,the_bumblezone,the_bumblezone:honey_crystal_shield/obtain_maxed_honey_crystal_shield,Grand Hive Defender,Forge the strongest Honey Crystal Shield possible at an Anvil! Takes lots of repairing!,inventory_changed,challenge,the_bumblezone:honey_crystal_shield/honey_crystal_shield_block_ineffectively,,Giblet the Sixth,INCLUDE,challenge-frame milestone (Q210),event theme (Q212),,,,
the_bumblezone-7.13.4+1.20.1-forge.jar,the_bumblezone,the_bumblezone:honey_slime/honey_slime_creation,The Honey Is Alive!,Infused a Slime with honey!,the_bumblezone:honey_slime_creation,task,the_bumblezone:honey_bucket/obtain_honey_bucket,,Gnarl,INCLUDE,distinct authored native event (Q210),"default, no specialist theme",,,,
the_bumblezone-7.13.4+1.20.1-forge.jar,the_bumblezone,the_bumblezone:honey_slime/honey_slime_harvest,Who Needs Bees???,Harvest the honey from a Honey Slime,the_bumblezone:honey_slime_harvest,task,the_bumblezone:honey_slime/honey_slime_creation,,Gristle,INCLUDE,distinct authored native event (Q210),event theme (Q212),,,,
the_bumblezone-7.13.4+1.20.1-forge.jar,the_bumblezone,the_bumblezone:music_discs/obtain_all_music_discs,Gotta Hive a Dance!,Obtain all Bee-themed music discs!,inventory_changed,challenge,the_bumblezone:teleportation/teleport_out_of_bumblezone,YES,Quaver,INCLUDE,completion significance (Q210),event theme (Q212),,,,
the_bumblezone-7.13.4+1.20.1-forge.jar,the_bumblezone,the_bumblezone:pollen_pile/brush_pollen_pollen_suspicious,Strange Artifacts...,Brush a Suspicious Pile of Pollen,player_generates_container_loot,task,the_bumblezone:pollen_pile/hide_in_pollen_pile,,Gnarl,INCLUDE,distinct authored native event (Q210),"default, no specialist theme",,,,
the_bumblezone-7.13.4+1.20.1-forge.jar,the_bumblezone,the_bumblezone:pollen_pile/fall_onto_pollen_pile,Stuffy Nose & No Broken Knees!,Perform a high trust fall into thick Piles of Pollen!,the_bumblezone:fall_onto_pollen_pile,task,the_bumblezone:pollen_puff/bee_drop_pollen_puff,,Gnarl,INCLUDE,distinct authored native event (Q210),"default, no specialist theme",,,,
the_bumblezone-7.13.4+1.20.1-forge.jar,the_bumblezone,the_bumblezone:pollen_pile/hide_in_pollen_pile,Tactical Pollen,Hide yourself in deep Piles of Pollen,effects_changed,task,the_bumblezone:pollen_pile/fall_onto_pollen_pile,,Gnarl,INCLUDE,distinct authored native event (Q210),"default, no specialist theme",,,,
the_bumblezone-7.13.4+1.20.1-forge.jar,the_bumblezone,the_bumblezone:pollen_puff/bee_drop_pollen_puff,Bee Clean!,"Wash the pollen off of a bee with a Wet Sponge, Water Bucket, or Water Bottle",the_bumblezone:bee_drop_pollen_puff,task,the_bumblezone:effects/beenergized_maxed,,Gnarl,INCLUDE,distinct authored native event (Q210),"default, no specialist theme",,,,
the_bumblezone-7.13.4+1.20.1-forge.jar,the_bumblezone,the_bumblezone:pollen_puff/pollen_puff_fireball,Unbeelievably Ineffective!,Fight a Ghast's Fireball with a ball of pollen!,the_bumblezone:pollen_puff_fireball,task,the_bumblezone:pollen_puff/pollen_puff_panda,,Gnarl,INCLUDE,distinct authored native event (Q210),"default, no specialist theme",,,,
the_bumblezone-7.13.4+1.20.1-forge.jar,the_bumblezone,the_bumblezone:pollen_puff/pollen_puff_mooshroom,"Mushrooms, flowers, same thing",Pollinate a Mooshroom and spawn a mushroom!,the_bumblezone:pollen_puff_mooshroom,task,the_bumblezone:pollen_puff/pollen_puff_fireball,,Gnarl,INCLUDE,distinct authored native event (Q210),"default, no specialist theme",,,,
the_bumblezone-7.13.4+1.20.1-forge.jar,the_bumblezone,the_bumblezone:pollen_puff/pollen_puff_panda,Bless You Panda!,Make a Panda suffer seasonal allergies!,the_bumblezone:pollen_puff_panda,task,the_bumblezone:pollen_puff/pollen_puff_pollinate_tall_flower,,Gnarl,INCLUDE,distinct authored native event (Q210),"default, no specialist theme",,,,
the_bumblezone-7.13.4+1.20.1-forge.jar,the_bumblezone,the_bumblezone:pollen_puff/pollen_puff_pollinate_bee,A Beeball Homerun!,Play catch with an unpollinated bee by throwing pollen at it!,the_bumblezone:pollen_puff_pollinate_bee,task,the_bumblezone:pollen_puff/bee_drop_pollen_puff,,Gnarl,INCLUDE,distinct authored native event (Q210),"default, no specialist theme",,,,
the_bumblezone-7.13.4+1.20.1-forge.jar,the_bumblezone,the_bumblezone:pollen_puff/pollen_puff_pollinate_tall_flower,Beetastic Pollinator,Make more tall flowers by pollinating them with Pollen Puff!,the_bumblezone:pollen_puff_pollinate_tall_flower,task,the_bumblezone:pollen_puff/pollen_puff_pollinate_bee,,Gnarl,INCLUDE,distinct authored native event (Q210),"default, no specialist theme",,,,
the_bumblezone-7.13.4+1.20.1-forge.jar,the_bumblezone,the_bumblezone:root,The Bumblezone Mod,See the rest of the advancements to learn what to do with this mod!,tick,task,,,Gnarl,INCLUDE,domain entry milestone (Q210),"default, no specialist theme",,,,
the_bumblezone-7.13.4+1.20.1-forge.jar,the_bumblezone,the_bumblezone:rootmin/rootmin_flower_swap,Floral Sharing,"With bee armor on, right click a Rootmin while holding a small or tall flower",the_bumblezone:rootmin_flower_swap,task,the_bumblezone:honey_slime/honey_slime_harvest,,Gnarl,INCLUDE,distinct authored native event (Q210),"default, no specialist theme",,,,
the_bumblezone-7.13.4+1.20.1-forge.jar,the_bumblezone,the_bumblezone:rootmin/rootmin_rainbow_name,WHAT DOES IT MEAN?!,"Give a Rootmin the name of ""jeb_"" with a Name Tag",player_interacted_with_entity,task,the_bumblezone:rootmin/rootmin_flower_swap,,Gnarl,INCLUDE,distinct authored native event (Q210),"default, no specialist theme",,,,
the_bumblezone-7.13.4+1.20.1-forge.jar,the_bumblezone,the_bumblezone:sentry_watcher/sentry_watcher_use_egg,Personal Guardian,Craft and use a Sentry Watcher Spawn Egg! It will not charge at the person who spawned it.,the_bumblezone:sentry_watcher_spawn_egg_used,task,the_bumblezone:combs_and_wax/carve_luminescent_wax,,Gnarl,INCLUDE,distinct authored native event (Q210),"default, no specialist theme",,,,
the_bumblezone-7.13.4+1.20.1-forge.jar,the_bumblezone,the_bumblezone:stinger_spear/obtain_stinger_spear,A weapon to surpass...,Find and get a spear with a bee stinger on the end of it,inventory_changed,task,the_bumblezone:armor/warrior_bee,,Gnarl,INCLUDE,distinct authored native event (Q210),"default, no specialist theme",,,,
the_bumblezone-7.13.4+1.20.1-forge.jar,the_bumblezone,the_bumblezone:stinger_spear/stinger_spear_long_range_kill,A Worthy Javelin Throw,Yeet a Stinger Spear over a massive distance and kill a mob,the_bumblezone:stinger_spear_long_range_kill,task,the_bumblezone:stinger_spear/stinger_spear_paralyze_boss,,Gnarl,INCLUDE,distinct authored native event (Q210),"default, no specialist theme",,,,
the_bumblezone-7.13.4+1.20.1-forge.jar,the_bumblezone,the_bumblezone:stinger_spear/stinger_spear_paralyze_boss,Getting Favorable Odds,Inflict paralysis on a very high health mob by using a Neurotoxin enchanted Stinger Spear!,the_bumblezone:stinger_spear_paralyze_boss,task,the_bumblezone:stinger_spear/stinger_spear_paralyzing,,Gnarl,INCLUDE,distinct authored native event (Q210),"default, no specialist theme",,,,
the_bumblezone-7.13.4+1.20.1-forge.jar,the_bumblezone,the_bumblezone:stinger_spear/stinger_spear_paralyzing,Stopped in its Tracks!,Inflict paralysis on a victim by using a Neurotoxin enchanted Stinger Spear!,the_bumblezone:stinger_spear_paralyzing,task,the_bumblezone:stinger_spear/stinger_spear_poisoning,,Gnarl,INCLUDE,distinct authored native event (Q210),"default, no specialist theme",,,,
the_bumblezone-7.13.4+1.20.1-forge.jar,the_bumblezone,the_bumblezone:stinger_spear/stinger_spear_poisoning,Being the Bee!,Inflict poison on a victim by using a Stinger Spear!,the_bumblezone:stinger_spear_poisoning,task,the_bumblezone:stinger_spear/obtain_stinger_spear,,Gnarl,INCLUDE,distinct authored native event (Q210),"default, no specialist theme",,,,
the_bumblezone-7.13.4+1.20.1-forge.jar,the_bumblezone,the_bumblezone:structures/enter_all_structures,Sightbee-er,Incredible! You discovered all structures that Bumblezone has!,location,challenge,the_bumblezone:music_discs/obtain_all_music_discs,YES,Gnarl,INCLUDE,completion significance (Q210),"default, no specialist theme",,,,
the_bumblezone-7.13.4+1.20.1-forge.jar,the_bumblezone,the_bumblezone:structures/enter_cell_maze,Lost in the Cells,Find and enter a Cell Maze structure! (Be careful if you don't have Protection of the Hive effect!),location,task,the_bumblezone:tools/honey_compass_use,,Gnarl,INCLUDE,place/structure discovery (Q210),"default, no specialist theme",,,,
the_bumblezone-7.13.4+1.20.1-forge.jar,the_bumblezone,the_bumblezone:structures/enter_garden,The Gardener and the Bees,Look up! You may find a large garden structure hanging down!,location,task,the_bumblezone:structures/enter_cell_maze,,Gnarl,INCLUDE,place/structure discovery (Q210),"default, no specialist theme",,,,
the_bumblezone-7.13.4+1.20.1-forge.jar,the_bumblezone,the_bumblezone:structures/enter_sempiternal_sanctum,Ancient Origins,Discover and enter any Sempiternal Sanctum after consuming Essence of the Bees,the_bumblezone:sempiternal_sanctum_enter_with_bee_essence,task,the_bumblezone:essence/bee_essence_infusion,,Gnarl,INCLUDE,distinct authored native event (Q210),"default, no specialist theme",,,,
the_bumblezone-7.13.4+1.20.1-forge.jar,the_bumblezone,the_bumblezone:structures/enter_throne_pillar,Royal Presence,Find and enter a Throne Pillar structure! (Use throne-locating compasses from other structures),location,task,the_bumblezone:tools/obtain_throne_honey_compass,,Gnarl,INCLUDE,place/structure discovery (Q210),"default, no specialist theme",,,,
the_bumblezone-7.13.4+1.20.1-forge.jar,the_bumblezone,the_bumblezone:sugar_water/consume_sugar_water_bottle,Sugar Rush!!!,Chug down some sweet tasting sugar water,consume_item,task,the_bumblezone:sugar_water/sugar_water_next_to_sugar_cane,,Gristle,INCLUDE,distinct authored native event (Q210),event theme (Q212),,,,
the_bumblezone-7.13.4+1.20.1-forge.jar,the_bumblezone,the_bumblezone:sugar_water/obtain_sugar_infused_stones,Sugarology,Obtain strange stone blocks that are infused with sugar. Perhaps cooling lava with a sugary liquid could work... Try both source and flowing liquids...,inventory_changed,task,the_bumblezone:sugar_water/consume_sugar_water_bottle,,,EXCLUDE,single-item acquisition tick (Q210),,,,,
the_bumblezone-7.13.4+1.20.1-forge.jar,the_bumblezone,the_bumblezone:sugar_water/sugar_water_next_to_sugar_cane,Soon... It'll All Be Sugar Canes!,Place Sugar Water source block next to an existing Sugar Cane block,the_bumblezone:sugar_water_next_to_sugar_cane,task,the_bumblezone:effects/beenergized_maxed,YES,Gristle,INCLUDE,completion significance (Q210),event theme (Q212),,,,
the_bumblezone-7.13.4+1.20.1-forge.jar,the_bumblezone,the_bumblezone:teleportation/is_near_beehive,Dimension of Bees awaits!,Boldly approach a Beehive or Bee Nest,the_bumblezone:is_near_beehive,task,the_bumblezone:root,,Gnarl,INCLUDE,distinct authored native event (Q210),"default, no specialist theme",,,,
the_bumblezone-7.13.4+1.20.1-forge.jar,the_bumblezone,the_bumblezone:teleportation/teleport_out_of_bumblezone,Dive Bombing Exit,"Leave the Bumblezone by going beyond the bottom or top of the dimension! (You will not die. Instead, you teleport out)",the_bumblezone:teleport_out_of_bumblezone,task,the_bumblezone:teleportation/teleport_to_bumblezone_pearl,,Gnarl,INCLUDE,distinct authored native event (Q210),"default, no specialist theme",,,,
the_bumblezone-7.13.4+1.20.1-forge.jar,the_bumblezone,the_bumblezone:teleportation/teleport_to_bumblezone_pearl,Beenderman Intrusion!,Enter Bumblezone dimension by throwing Enderpearl at Beehive/Bee Nests,the_bumblezone:teleport_to_bumblezone_pearl,task,the_bumblezone:teleportation/teleport_to_bumblezone_piston,,Gnarl,INCLUDE,distinct authored native event (Q210),"default, no specialist theme",,,,
the_bumblezone-7.13.4+1.20.1-forge.jar,the_bumblezone,the_bumblezone:teleportation/teleport_to_bumblezone_piston,Honeydraulic Press,Enter the Bumblezone dimension by being forced into a Beehive/Bee Nest by a Piston.,the_bumblezone:teleport_to_bumblezone_piston,task,the_bumblezone:teleportation/is_near_beehive,,Gnarl,INCLUDE,distinct authored native event (Q210),"default, no specialist theme",,,,
the_bumblezone-7.13.4+1.20.1-forge.jar,the_bumblezone,the_bumblezone:the_queens_desire/back_in_action,Back in Action,Save 12 bees from certain death by putting their stingers back on,the_bumblezone:bee_saved_by_stinger,challenge,the_bumblezone:the_queens_desire/terror_fangs,,Mortis,INCLUDE,challenge-frame milestone (Q210),event theme (Q212),,,,
the_bumblezone-7.13.4+1.20.1-forge.jar,the_bumblezone,the_bumblezone:the_queens_desire/crazy_trader,Crazy Trader,Trade 128 times with the Bee Queen. Any trade works!,the_bumblezone:bee_queen_trading,challenge,the_bumblezone:the_queens_desire/the_great_dragon_slayer,,Gnarl,INCLUDE,challenge-frame milestone (Q210),"default, no specialist theme",,,,
the_bumblezone-7.13.4+1.20.1-forge.jar,the_bumblezone,the_bumblezone:the_queens_desire/fighting_the_swarm,Fighting the Swarm,Kill 8 wriggling Silverfish crawling and burrowing everywhere,the_bumblezone:killed_counter,challenge,the_bumblezone:the_queens_desire/pollen_fight,,Gnarl,INCLUDE,challenge-frame milestone (Q210),"default, no specialist theme",,,,
the_bumblezone-7.13.4+1.20.1-forge.jar,the_bumblezone,the_bumblezone:the_queens_desire/flooding_the_housing_market,Flooding the Housing Market,Craft 6 Bee Nests or Beehives,the_bumblezone:beehive_crafted,challenge,the_bumblezone:the_queens_desire/the_beginning,,Gnarl,INCLUDE,challenge-frame milestone (Q210),"default, no specialist theme",,,,
the_bumblezone-7.13.4+1.20.1-forge.jar,the_bumblezone,the_bumblezone:the_queens_desire/honey_drunk,Honey Drunk,Gulp down 8 bottles of honey!,the_bumblezone:honey_bottle_drank,challenge,the_bumblezone:the_queens_desire/too_many_legs,,Gnarl,INCLUDE,challenge-frame milestone (Q210),"default, no specialist theme",,,,
the_bumblezone-7.13.4+1.20.1-forge.jar,the_bumblezone,the_bumblezone:the_queens_desire/hungry_hungry_bees,Hungry Hungry Bees,Satisfy the hunger of bees by feeding them sugar water or honey-like stuff 24 times! (Can be same bee or different bees),the_bumblezone:bee_fed,challenge,the_bumblezone:the_queens_desire/peak_inefficiency,,Gristle,INCLUDE,challenge-frame milestone (Q210),event theme (Q212),,,,
the_bumblezone-7.13.4+1.20.1-forge.jar,the_bumblezone,the_bumblezone:the_queens_desire/journeys_end,Journey's End,Complete all Queen's Desire advancements! Right click the Bee Queen for a grand final reward!,the_bumblezone:target_advancement_done,challenge,the_bumblezone:the_queens_desire/crazy_trader,YES,Gnarl,INCLUDE,completion significance (Q210),"default, no specialist theme",,,,
the_bumblezone-7.13.4+1.20.1-forge.jar,the_bumblezone,the_bumblezone:the_queens_desire/love_bees,Love bees,Breed Bees until a total of 8 baby bees are born,the_bumblezone:bee_breeding,challenge,the_bumblezone:the_queens_desire/hungry_hungry_bees,,Gnarl,INCLUDE,challenge-frame milestone (Q210),"default, no specialist theme",,,,
the_bumblezone-7.13.4+1.20.1-forge.jar,the_bumblezone,the_bumblezone:the_queens_desire/otherworldly_mites,Otherworldly Mites,Slay 4 Endermites for their transgression of existence,the_bumblezone:killed_counter,challenge,the_bumblezone:the_queens_desire/love_bees,,Gnarl,INCLUDE,challenge-frame milestone (Q210),"default, no specialist theme",,,,
the_bumblezone-7.13.4+1.20.1-forge.jar,the_bumblezone,the_bumblezone:the_queens_desire/peak_inefficiency,Peak Inefficiency,Somehow managed to kill Wither with Stinger Spear...,the_bumblezone:stinger_spear_killed_with_wither,challenge,the_bumblezone:the_queens_desire/the_crazy_florist,,Gnarl,INCLUDE,challenge-frame milestone (Q210),"default, no specialist theme",,,,
the_bumblezone-7.13.4+1.20.1-forge.jar,the_bumblezone,the_bumblezone:the_queens_desire/poison_warfare,Poison Warfare,Fire 32 Bee Stingers from Bows/Crossbows,the_bumblezone:bee_stinger_shooter,challenge,the_bumblezone:the_queens_desire/fighting_the_swarm,,Gnarl,INCLUDE,challenge-frame milestone (Q210),"default, no specialist theme",,,,
the_bumblezone-7.13.4+1.20.1-forge.jar,the_bumblezone,the_bumblezone:the_queens_desire/pollen_fight,Pollen Fight,Throw and hit 24 entities with Pollen Puff. Other players count!,the_bumblezone:pollen_puff_hit,challenge,the_bumblezone:the_queens_desire/honey_drunk,,Gnarl,INCLUDE,challenge-frame milestone (Q210),"default, no specialist theme",,,,
the_bumblezone-7.13.4+1.20.1-forge.jar,the_bumblezone,the_bumblezone:the_queens_desire/slimy_mitosis,Slimy Mitosis,Breed 6 Honey Slimes (They really love sugar!),the_bumblezone:honey_slime_bred,challenge,the_bumblezone:the_queens_desire/poison_warfare,,Gristle,INCLUDE,challenge-frame milestone (Q210),event theme (Q212),,,,
the_bumblezone-7.13.4+1.20.1-forge.jar,the_bumblezone,the_bumblezone:the_queens_desire/terror_fangs,Terror Fangs,Butcher 16 Cave Spiders from the depths,the_bumblezone:killed_counter,challenge,the_bumblezone:the_queens_desire/slimy_mitosis,,Gristle,INCLUDE,challenge-frame milestone (Q210),event theme (Q212),,,,
the_bumblezone-7.13.4+1.20.1-forge.jar,the_bumblezone,the_bumblezone:the_queens_desire/the_crazy_florist,The Crazy Florist,Spawn 8 flowers by pollinating flowers with Pollen Puff,the_bumblezone:pollen_puff_spawn_flower,challenge,the_bumblezone:the_queens_desire/back_in_action,,Gnarl,INCLUDE,challenge-frame milestone (Q210),"default, no specialist theme",,,,
the_bumblezone-7.13.4+1.20.1-forge.jar,the_bumblezone,the_bumblezone:the_queens_desire/the_great_dragon_slayer,The Great Dragon Slayer,Become legendary by slaying the Enderdragon with full Bee Armor on,the_bumblezone:killed_counter,challenge,the_bumblezone:the_queens_desire/otherworldly_mites,,Gnarl,INCLUDE,challenge-frame milestone (Q210),"default, no specialist theme",,,,
the_bumblezone-7.13.4+1.20.1-forge.jar,the_bumblezone,the_bumblezone:the_queens_desire/too_many_legs,Too Many Legs,Smash and kill 32 Spiders for their icky-ness (Cave Spiders don't count),the_bumblezone:killed_counter,challenge,the_bumblezone:the_queens_desire/flooding_the_housing_market,,Gnarl,INCLUDE,challenge-frame milestone (Q210),"default, no specialist theme",,,,
the_bumblezone-7.13.4+1.20.1-forge.jar,the_bumblezone,the_bumblezone:tools/bee_cannon_full,You better beehave now!,Load and fire a full cannon of bees!,the_bumblezone:bee_cannon_full,task,the_bumblezone:sugar_water/obtain_sugar_infused_stones,,Gnarl,INCLUDE,distinct authored native event (Q210),"default, no specialist theme",,,,
the_bumblezone-7.13.4+1.20.1-forge.jar,the_bumblezone,the_bumblezone:tools/bee_stinger_paralysis,Endless Stinging,Paralyze a mob by shooting them non-stop with Bee Stingers from Bows/Crossbows,the_bumblezone:bee_stinger_paralyze,task,the_bumblezone:stinger_spear/stinger_spear_long_range_kill,,Gnarl,INCLUDE,distinct authored native event (Q210),"default, no specialist theme",,,,
the_bumblezone-7.13.4+1.20.1-forge.jar,the_bumblezone,the_bumblezone:tools/buzzing_briefcase_full,What's this?...,Right click bees with Buzzing Briefcase until it is full,the_bumblezone:buzzing_briefcase_full,task,the_bumblezone:combs_and_wax/comb_cutter_extra_drops,,Gnarl,INCLUDE,distinct authored native event (Q210),"default, no specialist theme",,,,
the_bumblezone-7.13.4+1.20.1-forge.jar,the_bumblezone,the_bumblezone:tools/buzzing_briefcase_heal,The Doctor is IN!,Heal a bee in a Buzzing Briefcase! (Open UI by shift right click),the_bumblezone:buzzing_briefcase_heal,task,the_bumblezone:tools/buzzing_briefcase_full,,Gnarl,INCLUDE,distinct authored native event (Q210),"default, no specialist theme",,,,
the_bumblezone-7.13.4+1.20.1-forge.jar,the_bumblezone,the_bumblezone:tools/buzzing_briefcase_release,A Hive Superhero!,Release bees from Buzzing Briefcase by left clicking on a block or entity. (Shift left click to release all),the_bumblezone:buzzing_briefcase_release,task,the_bumblezone:tools/buzzing_briefcase_heal,YES,Gnarl,INCLUDE,completion significance (Q210),"default, no specialist theme",,,,
the_bumblezone-7.13.4+1.20.1-forge.jar,the_bumblezone,the_bumblezone:tools/craft_honey_compass,Is this even still a compass..?,Craft or find a tantalizing Honey Compass!,inventory_changed;recipe_crafted,task,the_bumblezone:teleportation/teleport_out_of_bumblezone,,Gnarl,INCLUDE,distinct authored native event (Q210),"default, no specialist theme",,,,
the_bumblezone-7.13.4+1.20.1-forge.jar,the_bumblezone,the_bumblezone:tools/cystal_cannon_full,Extreme Crowd Control,Load and fire a full cannon of crystals!,the_bumblezone:crystal_cannon_full,task,the_bumblezone:tools/bee_cannon_full,,Gnarl,INCLUDE,distinct authored native event (Q210),"default, no specialist theme",,,,
the_bumblezone-7.13.4+1.20.1-forge.jar,the_bumblezone,the_bumblezone:tools/fish_rare_loot,Beesistent Fishing,Fish out rare loot while in Bumblezone dimension!,fishing_rod_hooked,challenge,the_bumblezone:combs_and_wax/honey_cocoon_silk_touch,,Gnarl,INCLUDE,challenge-frame milestone (Q210),"default, no specialist theme",,,,
the_bumblezone-7.13.4+1.20.1-forge.jar,the_bumblezone,the_bumblezone:tools/honey_compass_use,Dora the Beexplorer,Activate the Honey Compass's tracking/locating abilities!,the_bumblezone:honey_compass_use,task,the_bumblezone:tools/craft_honey_compass,,Gnarl,INCLUDE,distinct authored native event (Q210),"default, no specialist theme",,,,
the_bumblezone-7.13.4+1.20.1-forge.jar,the_bumblezone,the_bumblezone:tools/obtain_throne_honey_compass,Off to see the Queen!,Obtain a rare Honey Compass from a structure's Honey Cocoon that points to a Throne Pillar structure!,inventory_changed,task,the_bumblezone:structures/enter_cell_maze,,,EXCLUDE,single-item acquisition tick (Q210),,,,,
the_bumblezone-7.13.4+1.20.1-forge.jar,the_bumblezone,the_bumblezone:wiki,Bumblezone Wiki URL,www.github.com/TelepathicGrunt/Bumblezone/wiki,tick,task,the_bumblezone:root,,,EXCLUDE,polling detector (Q210),,,,,
the_bumblezone-7.13.4+1.20.1-forge.jar,the_bumblezone,the_bumblezone:windy_air/obtain_windy_air,Placeable Jetstreams!,Obtain a Windy Air item you can place as a block from the Bee Queen!,inventory_changed,task,the_bumblezone:honey_bucket/royal_jelly_block_piston,,,EXCLUDE,single-item acquisition tick (Q210),,,,,
twilightforest-1.20.1-4.3.2508-universal.jar,twilightforest,twilightforest:arborist,Maniacal Dendrologist,"Get your axes and shears ready. Search every nook and cranny and get anything and everything that comes from trees! Craft, loot, obtain every slab... sapling... leaves... more... everything. ALL OF IT!",inventory_changed,challenge,twilightforest:root,YES,Gnarl,INCLUDE,completion significance (Q210),"default, no specialist theme",,,,
twilightforest-1.20.1-4.3.2508-universal.jar,twilightforest,twilightforest:arctic_armor_dyed,Getting in Fashion,Dye four unique pieces of Arctic armor,inventory_changed,task,twilightforest:progress_yeti,,Gnarl,INCLUDE,distinct authored native event (Q210),"default, no specialist theme",,,,
twilightforest-1.20.1-4.3.2508-universal.jar,twilightforest,twilightforest:beanstalk,Jack and the Beanstalk,Obtain some %s in the troll caves and use them on the glowing soil beneath the clouds,inventory_changed;item_used_on_block,goal,twilightforest:progress_merge,,Gnarl,INCLUDE,goal-frame milestone (Q210),"default, no specialist theme",,,,
twilightforest-1.20.1-4.3.2508-universal.jar,twilightforest,twilightforest:experiment_115,Mystery Meat?,"It looks like cake, though...",consume_item,task,twilightforest:progress_knights,,Gnarl,INCLUDE,distinct authored native event (Q210),"default, no specialist theme",,,,
twilightforest-1.20.1-4.3.2508-universal.jar,twilightforest,twilightforest:fiery_set,Gallons of Blood and Tears,Wield a fiery tool or weapon while having at least one piece of fiery armor in your inventory,inventory_changed,challenge,twilightforest:progress_hydra,,Gnarl,INCLUDE,challenge-frame milestone (Q210),"default, no specialist theme",,,,
twilightforest-1.20.1-4.3.2508-universal.jar,twilightforest,twilightforest:ghast_trap,Something Strange in Towerwood,Slay the %ss around a %s and activate to wrench the %s from the sky!,twilightforest:activate_ghast_trap,task,twilightforest:progress_knights,,Gnarl,INCLUDE,major hostile encounter (Q210),"default, no specialist theme",,,,
twilightforest-1.20.1-4.3.2508-universal.jar,twilightforest,twilightforest:giants,I'm on Cloud Nine,"Kill a %s in the clouds, retrieve a %s, and return back to the troll caves",inventory_changed;player_killed_entity,goal,twilightforest:beanstalk,,Gnarl,INCLUDE,goal-frame milestone (Q210),"default, no specialist theme",,,,
twilightforest-1.20.1-4.3.2508-universal.jar,twilightforest,twilightforest:hedge,Bug Stomper,Defeat a spider in a Hedge Maze,player_killed_entity,task,twilightforest:root,,Gnarl,INCLUDE,major hostile encounter (Q210),"default, no specialist theme",,,,
twilightforest-1.20.1-4.3.2508-universal.jar,twilightforest,twilightforest:hill1,The Boots Are Mine!,Defeat a %s in a Small Hollow Hill,player_killed_entity,task,twilightforest:root,,Grubbison Jr,INCLUDE,major hostile encounter (Q210),event theme (Q212),,,,
twilightforest-1.20.1-4.3.2508-universal.jar,twilightforest,twilightforest:hill2,What Was That Noise?,Defeat a %s in a Medium Hollow Hill,player_killed_entity,task,twilightforest:hill1,,Gnarl,INCLUDE,major hostile encounter (Q210),"default, no specialist theme",,,,
twilightforest-1.20.1-4.3.2508-universal.jar,twilightforest,twilightforest:hill3,I See Right Through You,Defeat a %s in a Large Hollow Hill,player_killed_entity,task,twilightforest:hill2,,Gnarl,INCLUDE,major hostile encounter (Q210),"default, no specialist theme",,,,
twilightforest-1.20.1-4.3.2508-universal.jar,twilightforest,twilightforest:hydra_chop,"Hydra Chop, Baby!",Chow down on a %s when your hunger bar is depleted,twilightforest:consume_hydra_chop_on_low_hunger,task,twilightforest:progress_hydra,,Gnarl,INCLUDE,distinct authored native event (Q210),"default, no specialist theme",,,,
twilightforest-1.20.1-4.3.2508-universal.jar,twilightforest,twilightforest:magic_map,I Can See Forever,Craft the %s,inventory_changed,task,twilightforest:magic_map_focus,,,EXCLUDE,single-item acquisition tick (Q210),,,,,
twilightforest-1.20.1-4.3.2508-universal.jar,twilightforest,twilightforest:magic_map_focus,With Fire It Writes,"Craft the %s with a %s, %s, and %s",inventory_changed,task,twilightforest:twilight_hunter,,,EXCLUDE,single-item acquisition tick (Q210),,,,,
twilightforest-1.20.1-4.3.2508-universal.jar,twilightforest,twilightforest:maze_map,"And Now, to Find the Exit",Craft the %s after obtaining the focus from the labyrinth,inventory_changed,goal,twilightforest:magic_map,,Gnarl,INCLUDE,goal-frame milestone (Q210),"default, no specialist theme",,,,
twilightforest-1.20.1-4.3.2508-universal.jar,twilightforest,twilightforest:mazebreaker,Breaking the Maze,Find the %s pickaxe in the secret labyrinth vault,inventory_changed,challenge,twilightforest:progress_labyrinth,,Grubbison Jr,INCLUDE,challenge-frame milestone (Q210),event theme (Q212),,,,
twilightforest-1.20.1-4.3.2508-universal.jar,twilightforest,twilightforest:naga_armors,Naga Armorer,Craft both %s chest and leg armor,inventory_changed,challenge,twilightforest:progress_naga,,Gnarl,INCLUDE,challenge-frame milestone (Q210),"default, no specialist theme",,,,
twilightforest-1.20.1-4.3.2508-universal.jar,twilightforest,twilightforest:progress_glacier,Clear Skies,Defeat the %s atop the Aurora Palace,inventory_changed;player_killed_entity;tick;twilightforest:hurt_boss,goal,twilightforest:progress_yeti,,Gnarl,INCLUDE,major hostile encounter (Q210),"default, no specialist theme",,,,
twilightforest-1.20.1-4.3.2508-universal.jar,twilightforest,twilightforest:progress_hydra,Hydra Slayer,Defeat the mighty %s and empower yourself,inventory_changed;player_killed_entity;tick;twilightforest:hurt_boss,goal,twilightforest:progress_labyrinth,,Gnarl,INCLUDE,major hostile encounter (Q210),"default, no specialist theme",,,,
twilightforest-1.20.1-4.3.2508-universal.jar,twilightforest,twilightforest:progress_knights,Carminite Acclimation,Settle the restless phantoms in the knight's tomb and the carminite tower's devices will obey you,inventory_changed;tick;twilightforest:hurt_boss;twilightforest:kill_all_phantoms,goal,twilightforest:progress_trophy_pedestal,,Mortis,INCLUDE,goal-frame milestone (Q210),event theme (Q212),,,,
twilightforest-1.20.1-4.3.2508-universal.jar,twilightforest,twilightforest:progress_labyrinth,Mighty Stroganoff,Eat the Meef Stroganoff to acclimatize your body to the dangerous heat of the Fire Swamp,consume_item;tick,goal,twilightforest:progress_lich,,Gristle,INCLUDE,goal-frame milestone (Q210),event theme (Q212),,,,
twilightforest-1.20.1-4.3.2508-universal.jar,twilightforest,twilightforest:progress_lich,Bring Out Your Dead,"Slay the %s at top of his tower and retrieve a scepter to clear poisonous mosquitoes from the Swamp, see through blinding darkness of the Dark Forest's curse, and resist the Snowy Forest's chill",inventory_changed;player_killed_entity;tick;twilightforest:hurt_boss,goal,twilightforest:progress_naga,,Mortis,INCLUDE,major hostile encounter (Q210),event theme (Q212),,,,
twilightforest-1.20.1-4.3.2508-universal.jar,twilightforest,twilightforest:progress_merge,Ultimate Showdown,"Slay the %s, %s, and %s to clear the acid rain and embolden yourself for the Highlands",tick,goal,twilightforest:progress_lich,,Gnarl,INCLUDE,major hostile encounter (Q210),"default, no specialist theme",,,,
twilightforest-1.20.1-4.3.2508-universal.jar,twilightforest,twilightforest:progress_naga,Time To Even The Scales,Slay the %s in its forest courtyard and obtain a %s to overcome the barrier magic surrounding the Lich's tower,inventory_changed;player_killed_entity;twilightforest:hurt_boss,goal,twilightforest:root,,Gnarl,INCLUDE,major hostile encounter (Q210),"default, no specialist theme",,,,
twilightforest-1.20.1-4.3.2508-universal.jar,twilightforest,twilightforest:progress_troll,I Wish For More Burning,"Find the %s in the troll caves, and you can burn away the thorn barriers",inventory_changed;tick,goal,twilightforest:giants,,Gnarl,INCLUDE,goal-frame milestone (Q210),"default, no specialist theme",,,,
twilightforest-1.20.1-4.3.2508-universal.jar,twilightforest,twilightforest:progress_trophy_pedestal,Trophied Champion,Claim your title by placing a trophy on the pedestal in the Dark Forest ruins,tick;twilightforest:placed_on_trophy_pedestal,goal,twilightforest:progress_lich,,Gnarl,INCLUDE,goal-frame milestone (Q210),"default, no specialist theme",,,,
twilightforest-1.20.1-4.3.2508-universal.jar,twilightforest,twilightforest:progress_ur_ghast,Tears of Fire,Touch the fiery red tears of the %s,inventory_changed;player_killed_entity;tick;twilightforest:hurt_boss,goal,twilightforest:ghast_trap,,Gnarl,INCLUDE,goal-frame milestone (Q210),"default, no specialist theme",,,,
twilightforest-1.20.1-4.3.2508-universal.jar,twilightforest,twilightforest:progress_yeti,Alpha Fur,"Line your garments with the soft fur from the %s, keeping you safe from the Glacier's cold",inventory_changed;player_killed_entity;tick;twilightforest:hurt_boss,goal,twilightforest:progress_lich,,Gnarl,INCLUDE,goal-frame milestone (Q210),"default, no specialist theme",,,,
twilightforest-1.20.1-4.3.2508-universal.jar,twilightforest,twilightforest:progression_end,End of Progression,Anything past this point in the Highlands is a work in progress. It will be finished in the future,location;tick,goal,twilightforest:progress_troll,,Gnarl,INCLUDE,goal-frame milestone (Q210),"default, no specialist theme",,,,
twilightforest-1.20.1-4.3.2508-universal.jar,twilightforest,twilightforest:quest_ram,Consummate Baaahs,Give the %s what it is missing,twilightforest:complete_quest_ram,goal,twilightforest:root,,Gnarl,INCLUDE,goal-frame milestone (Q210),"default, no specialist theme",,,,
twilightforest-1.20.1-4.3.2508-universal.jar,twilightforest,twilightforest:root,Twilight Forest,"Enter the mysterious, magical woodlands: the Twilight Forest",location;twilightforest:make_tf_portal,task,,,Gnarl,INCLUDE,domain entry milestone (Q210),"default, no specialist theme",,,,
twilightforest-1.20.1-4.3.2508-universal.jar,twilightforest,twilightforest:troll,We Do a Little Trolling,Find and kill a %s,player_killed_entity,task,twilightforest:progress_merge,,Gnarl,INCLUDE,distinct authored native event (Q210),"default, no specialist theme",,,,
twilightforest-1.20.1-4.3.2508-universal.jar,twilightforest,twilightforest:twilight_dinner,We Dine At Eternal Sundown,Eat every edible item exclusive to Twilight Forest,consume_item,challenge,twilightforest:root,YES,Gristle,INCLUDE,completion significance (Q210),event theme (Q212),,,,
twilightforest-1.20.1-4.3.2508-universal.jar,twilightforest,twilightforest:twilight_hunter,The Silence of the Forest,Hunt some of the local wildlife,player_killed_entity,task,twilightforest:root,,Gnarl,INCLUDE,distinct authored native event (Q210),"default, no specialist theme",,,,